time,x_kalman,y_kalman,z_kalman,x_lh,y_lh,z_lh,roll,pitch,yaw
0.0,-0.0009385069715790451,-0.0002942901337519288,0.024029359221458435,0.0,0.0,0.0,-0.6725484728813171,0.17483152449131012,3.034061908721924
0.02,-5.812585732201114e-05,0.0008062678389251232,0.023984691128134727,0.0,0.0,0.0,-0.7060500383377075,0.1634773463010788,3.0135927200317383
0.04,-0.0007758567808195949,0.0006951928371563554,0.024423325434327126,0.0,0.0,0.0,-0.6562081575393677,0.25475743412971497,2.9673194885253906
0.06,-0.0008736189920455217,0.0008402310195378959,0.025231165811419487,0.0,0.0,0.0,-0.590505063533783,0.6915920972824097,2.8628339767456055
0.08,-0.00993423443287611,-0.001790504204109311,0.025734687224030495,0.0,0.0,0.0,-0.4217623472213745,1.5366532802581787,2.7806525230407715
0.1,-0.018281152471899986,-0.0010827609803527594,0.031278908252716064,0.0,0.0,0.0,-0.2943172752857208,2.111661434173584,2.647911787033081
0.12,-0.027507614344358444,-0.0007744679460301995,0.025199275463819504,0.0,0.0,0.0,-0.22581396996974945,2.252654790878296,2.522149085998535
0.14,-0.028818270191550255,-0.0007201017579063773,0.036322031170129776,0.0,0.0,0.0,-0.36978766322135925,1.6225634813308716,2.3859307765960693
0.16,-0.02290852926671505,-0.0008270851103588939,0.04442376643419266,0.0,0.0,0.0,-0.23274481296539307,0.5887411236763,2.2279491424560547
0.18,-0.02239295281469822,-0.007264402695000172,0.05937349051237106,0.0,0.0,0.0,0.20597505569458008,-0.23553599417209625,2.076364040374756
0.2,-0.01502787135541439,-0.008330936543643475,0.07527180016040802,0.0,0.0,0.0,0.27533459663391113,-1.0243388414382935,1.9500088691711426
0.22,-0.014490250498056412,-0.01170982327312231,0.09193627536296844,0.0,0.0,0.0,0.2891819477081299,-1.3255269527435303,1.829512357711792
0.24,-0.013859475962817669,-0.01036534272134304,0.10908932238817215,0.0,0.0,0.0,0.010904134251177311,-1.4897907972335815,1.7002017498016357
0.26,-0.013669117353856564,-0.009996408596634865,0.1340334564447403,0.0,0.0,0.0,-0.2309190034866333,-1.475185751914978,1.5630558729171753
0.28,-0.011766930110752583,-0.011241924948990345,0.15147380530834198,0.0,0.0,0.0,-0.3346157670021057,-1.371312141418457,1.4430683851242065
0.3,-0.011577199213206768,-0.011829866096377373,0.1735638678073883,0.0,0.0,0.0,-0.38952183723449707,-1.2564541101455688,1.3238805532455444
0.32,-0.01181783527135849,-0.01648305542767048,0.1902848333120346,0.0,0.0,0.0,-0.2759365737438202,-1.107254981994629,1.2219181060791016
0.34,-0.012202797457575798,-0.017725687474012375,0.20768402516841888,0.0,0.0,0.0,-0.2850302755832672,-0.9696086049079895,1.0876414775848389
0.36,-0.012721332721412182,-0.01773156225681305,0.2227993607521057,0.0,0.0,0.0,-0.44910240173339844,-0.833023726940155,0.9669476747512817
0.38,-0.013076051138341427,-0.017219312489032745,0.2385229915380478,0.0,0.0,0.0,-0.6632559299468994,-0.7319757342338562,0.8519365191459656
0.4,-0.012962652370333672,-0.017972342669963837,0.2517698407173157,0.0,0.0,0.0,-0.8799535632133484,-0.6850528120994568,0.7564618587493896
0.42,-0.012618549168109894,-0.019242318347096443,0.26560014486312866,0.0,0.0,0.0,-1.0204142332077026,-0.6770759224891663,0.6790494322776794
0.44,-0.012124218977987766,-0.01585606299340725,0.2770102024078369,0.0,0.0,0.0,-1.2486382722854614,-0.6731284260749817,0.5596081018447876
0.46,-0.011685381643474102,-0.015151923522353172,0.28745126724243164,0.0,0.0,0.0,-1.3197686672210693,-0.6402661204338074,0.46411874890327454
0.48,-0.011507973074913025,-0.015803851187229156,0.2989967167377472,0.0,0.0,0.0,-1.3147975206375122,-0.577930748462677,0.37973007559776306
0.5,-0.011049184016883373,-0.015942350029945374,0.30785953998565674,0.0,0.0,0.0,-1.2641404867172241,-0.48525840044021606,0.3171018958091736
0.52,-0.011657234281301498,-0.01656005159020424,0.3181670308113098,0.0,0.0,0.0,-1.1542935371398926,-0.356458842754364,0.2449444979429245
0.54,-0.012294036336243153,-0.01714985817670822,0.32588863372802734,0.0,0.0,0.0,-1.052420735359192,-0.2676074504852295,0.1801253855228424
0.56,-0.011411774903535843,-0.0179291944950819,0.33492714166641235,0.0,0.0,0.0,-0.9902198314666748,-0.2228187620639801,0.15113261342048645
0.58,-0.009606159292161465,-0.01854725368320942,0.3417607247829437,0.0,0.0,0.0,-0.9222838878631592,-0.2574826776981354,0.10655516386032104
0.6,-0.009157851338386536,-0.019114481285214424,0.3497680425643921,0.0,0.0,0.0,-0.8769993782043457,-0.2537086308002472,0.09247582405805588
0.62,-0.009124922566115856,-0.019038967788219452,0.35588937997817993,0.0,0.0,0.0,-0.8877741098403931,-0.22138036787509918,0.06114010140299797
0.64,-0.009184983558952808,-0.01894497498869896,0.36217811703681946,0.0,0.0,0.0,-0.8776760697364807,-0.10727213323116302,0.03910711780190468
0.66,-0.008920987136662006,-0.018474949523806572,0.36761707067489624,0.0,0.0,0.0,-0.8722115755081177,-0.036544203758239746,0.02293526940047741
0.68,-0.0086228521540761,-0.017941031605005264,0.3727380335330963,0.0,0.0,0.0,-0.8757861256599426,0.019077692180871964,0.02120213769376278
0.7,-0.008790211752057076,-0.017679551616311073,0.3759782910346985,0.0,0.0,0.0,-0.8524243831634521,0.0772545263171196,0.022645724937319756
0.72,-0.008601300418376923,-0.01688961498439312,0.3804354667663574,0.0,0.0,0.0,-0.7906410694122314,0.07554897665977478,0.04088633507490158
0.74,-0.00835038535296917,-0.017096858471632004,0.3828478753566742,0.0,0.0,0.0,-0.7217356562614441,0.07879794389009476,0.062206972390413284
0.76,-0.008430524729192257,-0.017794864252209663,0.38678425550460815,0.0,0.0,0.0,-0.6346436142921448,0.0441281832754612,0.09002247452735901
0.78,-0.008208910003304482,-0.017115052789449692,0.39156410098075867,0.0,0.0,0.0,-0.5861685872077942,0.05928480625152588,0.12825830280780792
0.8,-0.007954467087984085,-0.016962334513664246,0.39540356397628784,0.0,0.0,0.0,-0.5550846457481384,0.030270932242274284,0.13907694816589355
0.82,-0.015529853291809559,0.009925056248903275,0.4002247452735901,-0.015665050595998764,0.009651033207774162,0.396755576133728,-0.528154194355011,-0.004531124606728554,0.1584623157978058
0.84,-0.015222368761897087,0.010442417114973068,0.4040631055831909,-0.015665050595998764,0.009651033207774162,0.396755576133728,-0.4579366147518158,-0.026743421331048012,0.16869592666625977
0.86,-0.014844996854662895,0.010821222327649593,0.4079168736934662,-0.015665050595998764,0.009651033207774162,0.396755576133728,-0.31002524495124817,-0.08987469971179962,0.20464138686656952
0.88,-0.014394995756447315,0.0112870829179883,0.41166648268699646,-0.017728248611092567,0.01519351452589035,0.4104378819465637,-0.0776948630809784,-0.1624329686164856,0.21308541297912598
0.9,-0.017125656828284264,0.0140590975061059,0.415315181016922,-0.017728248611092567,0.01519351452589035,0.4104378819465637,0.090701624751091,-0.018385715782642365,0.14762043952941895
0.92,-0.01732444390654564,0.014866669662296772,0.4179637134075165,-0.017728248611092567,0.01519351452589035,0.4104378819465637,0.24538403749465942,-0.08836647123098373,0.20603851974010468
0.94,-0.01753704994916916,0.015593699179589748,0.4213661849498749,-0.017728248611092567,0.01519351452589035,0.4104378819465637,0.43049752712249756,-0.16156414151191711,0.23976270854473114
0.96,-0.017806800082325935,0.01606968604028225,0.42411673069000244,-0.017728248611092567,0.01519351452589035,0.4104378819465637,0.612044095993042,-0.2884661853313446,0.23699405789375305
0.98,-0.018064087256789207,0.0170329287648201,0.4272678792476654,-0.017728248611092567,0.01519351452589035,0.4104378819465637,0.737411379814148,-0.44046589732170105,0.2543242871761322
1.0,-0.017896417528390884,0.017647864297032356,0.42834576964378357,-0.021068478003144264,0.02286422997713089,0.42996349930763245,0.8655873537063599,-0.6128040552139282,0.2536924183368683
1.02,-0.019296379759907722,0.020411115139722824,0.43113458156585693,-0.021068478003144264,0.02286422997713089,0.42996349930763245,0.9607059955596924,-0.7022913694381714,0.16896721720695496
1.04,-0.019664671272039413,0.020841464400291443,0.4336073398590088,-0.021068478003144264,0.02286422997713089,0.42996349930763245,1.097231388092041,-0.7169274687767029,0.19137050211429596
1.06,-0.02041943371295929,0.022608444094657898,0.43623703718185425,-0.022223176434636116,0.024635396897792816,0.4361962080001831,1.195290207862854,-0.7701048254966736,0.2227526158094406
1.08,-0.02114146389067173,0.023864395916461945,0.44011953473091125,-0.022428423166275024,0.0256592258810997,0.43918657302856445,1.2600125074386597,-0.8168455362319946,0.2659406363964081
1.1,-0.021467724815011024,0.024853847920894623,0.4427957236766815,-0.022792262956500053,0.026512812823057175,0.4418349862098694,1.3391847610473633,-0.8833029866218567,0.2944320738315582
1.12,-0.02141064964234829,0.025249047204852104,0.44543468952178955,-0.022792262956500053,0.026512812823057175,0.4418349862098694,1.464355707168579,-0.9550400972366333,0.2935977280139923
1.14,-0.0216009970754385,0.02569427527487278,0.44785961508750916,-0.022792262956500053,0.026512812823057175,0.4418349862098694,1.5248230695724487,-1.0240472555160522,0.3407430648803711
1.16,-0.022085724398493767,0.026718726381659508,0.45042136311531067,-0.0237831212580204,0.02856472134590149,0.4498876631259918,1.5483033657073975,-1.06899094581604,0.3580161929130554
1.18,-0.02193865366280079,0.026865048334002495,0.45475366711616516,-0.0237831212580204,0.02856472134590149,0.4498876631259918,1.5772491693496704,-1.0643724203109741,0.3864779770374298
1.2,-0.02217794768512249,0.02687818743288517,0.45737212896347046,-0.0237831212580204,0.02856472134590149,0.4498876631259918,1.5733145475387573,-1.0518267154693604,0.3809202015399933
1.22,-0.021945320069789886,0.026822052896022797,0.4596535861492157,-0.0237831212580204,0.02856472134590149,0.4498876631259918,1.6039199829101562,-1.0828406810760498,0.3702647387981415
1.24,-0.02162095345556736,0.02664719708263874,0.46221432089805603,-0.0237831212580204,0.02856472134590149,0.4498876631259918,1.5464271306991577,-1.094421148300171,0.3539547026157379
1.26,-0.0212410818785429,0.026378372684121132,0.4639817178249359,-0.023910216987133026,0.029768778011202812,0.4636242389678955,1.460332989692688,-1.0817766189575195,0.35581502318382263
1.28,-0.021684523671865463,0.02689184807240963,0.46614521741867065,-0.023910216987133026,0.029768778011202812,0.4636242389678955,1.4128154516220093,-1.0249547958374023,0.26352235674858093
1.3,-0.021671967580914497,0.027130531147122383,0.4673716723918915,-0.023151930421590805,0.029201507568359375,0.4669821560382843,1.3491263389587402,-0.9740520715713501,0.3151569962501526
1.32,-0.021093660965561867,0.025870949029922485,0.46925532817840576,-0.023151930421590805,0.029201507568359375,0.4669821560382843,1.2932766675949097,-0.920700192451477,0.3452383577823639
1.34,-0.02051357552409172,0.025229327380657196,0.471068412065506,-0.023151930421590805,0.029201507568359375,0.4669821560382843,1.2312321662902832,-0.8572385311126709,0.3208807110786438
1.36,-0.01958690583705902,0.024756737053394318,0.4732453227043152,-0.02246013656258583,0.027525272220373154,0.47296401858329773,1.1002599000930786,-0.8315129280090332,0.316275417804718
1.38,-0.019936472177505493,0.02534133940935135,0.47412019968032837,-0.02246013656258583,0.027525272220373154,0.47296401858329773,1.0372499227523804,-0.7909544706344604,0.18007294833660126
1.4,-0.01983325183391571,0.0249896552413702,0.4750773310661316,-0.02118159644305706,0.02648318186402321,0.4762036204338074,0.9245942234992981,-0.7374449968338013,0.22721980512142181
1.42,-0.019111208617687225,0.024195639416575432,0.4766673147678375,-0.020987816154956818,0.02513662911951542,0.47780197858810425,0.8487510681152344,-0.701099157333374,0.22415561974048615
1.44,-0.01877727545797825,0.02306453324854374,0.47775590419769287,-0.020374029874801636,0.024144673720002174,0.47930988669395447,0.7792991399765015,-0.6814755797386169,0.08512717485427856
1.46,-0.018485773354768753,0.021960828453302383,0.4792555272579193,-0.020374029874801636,0.024144673720002174,0.47930988669395447,0.7086864113807678,-0.5888562202453613,0.003301967168226838
1.48,-0.01793755404651165,0.021305976435542107,0.4808754622936249,-0.018858136609196663,0.022879960015416145,0.4823075532913208,0.5750900506973267,-0.5404266119003296,0.07999429106712341
1.5,-0.017257366329431534,0.02040761522948742,0.48243215680122375,-0.018284758552908897,0.02180233970284462,0.48368799686431885,0.4632505774497986,-0.5022252798080444,0.1261327564716339
1.52,-0.016690311953425407,0.01944517344236374,0.4832993745803833,-0.01769973151385784,0.020785117521882057,0.48528945446014404,0.3513062596321106,-0.44975748658180237,0.1544686108827591
1.54,-0.015777671709656715,0.01817237213253975,0.4847326874732971,-0.01769973151385784,0.020785117521882057,0.48528945446014404,0.2428136169910431,-0.36270299553871155,0.170700341463089
1.56,-0.014818903058767319,0.016919312998652458,0.4861612617969513,-0.01769973151385784,0.020785117521882057,0.48528945446014404,0.1374199241399765,-0.26594170928001404,0.18479156494140625
1.58,-0.013821250759065151,0.015768272802233696,0.488023579120636,-0.01769973151385784,0.020785117521882057,0.48528945446014404,-0.013202008791267872,-0.233147531747818,0.19796745479106903
1.6,-0.012972966767847538,0.01423359103500843,0.4894523024559021,-0.01769973151385784,0.020785117521882057,0.48528945446014404,-0.09184513241052628,-0.16453039646148682,0.1946164220571518
1.62,-0.012480120174586773,0.013442511670291424,0.4900685250759125,-0.014283040538430214,0.014970368705689907,0.49232351779937744,-0.20497281849384308,-0.09387393295764923,0.22316332161426544
1.64,-0.01182123739272356,0.012334567494690418,0.49143290519714355,-0.01357733178883791,0.013773701153695583,0.4935389757156372,-0.2500477731227875,-0.017714202404022217,0.23504392802715302
1.66,-0.010779487900435925,0.01107908133417368,0.49167415499687195,-0.013226453214883804,0.011806356720626354,0.4944708049297333,-0.36538130044937134,0.03128880634903908,0.2386232167482376
1.68,-0.010559070855379105,0.010151591151952744,0.49287351965904236,-0.013226453214883804,0.011806356720626354,0.4944708049297333,-0.46870526671409607,0.04692823439836502,0.13829997181892395
1.7,-0.010106902569532394,0.009287688881158829,0.49406006932258606,-0.011630932800471783,0.010318520478904247,0.49725401401519775,-0.5668960809707642,0.06306955218315125,0.17483873665332794
1.72,-0.009209908545017242,0.00825493223965168,0.49518316984176636,-0.011306699365377426,0.008427483960986137,0.4981587827205658,-0.665001630783081,0.11941570043563843,0.17671628296375275
1.74,-0.008879251778125763,0.007189626805484295,0.4976594150066376,-0.011306699365377426,0.008427483960986137,0.4981587827205658,-0.7446969151496887,0.21870531141757965,0.07809124886989594
1.76,-0.008316094987094402,0.006219414994120598,0.4990195631980896,-0.009899506345391273,0.0071576545014977455,0.5008072257041931,-0.8069331645965576,0.2531017065048218,0.1283850222826004
1.78,-0.007756458129733801,0.005380638409405947,0.5003874897956848,-0.009305529296398163,0.006175914779305458,0.5018289685249329,-0.8203168511390686,0.25244152545928955,0.15790168941020966
1.8,-0.006958335172384977,0.004349175840616226,0.5009012222290039,-0.009305529296398163,0.006175914779305458,0.5018289685249329,-0.8145347833633423,0.32662874460220337,0.15622122585773468
1.82,-0.006247007288038731,0.0034714522771537304,0.5021118521690369,-0.009305529296398163,0.006175914779305458,0.5018289685249329,-0.8204191327095032,0.3809172213077545,0.1820668876171112
1.84,-0.005901365075260401,0.0027054958045482635,0.5038397908210754,-0.00785492081195116,0.0034649071749299765,0.505258321762085,-0.8211151361465454,0.35928037762641907,0.19834615290164948
1.86,-0.005244135390967131,0.001995756523683667,0.505038321018219,-0.00785492081195116,0.0034649071749299765,0.505258321762085,-0.8713617324829102,0.28530123829841614,0.18641671538352966
1.88,-0.004987281747162342,0.0011619629804044962,0.5075485706329346,-0.0069808862172067165,0.001947910524904728,0.5072848796844482,-0.8353297710418701,0.28872454166412354,0.2194693237543106
1.9,-0.004497004207223654,0.0006365691660903394,0.5087981820106506,-0.006533308420330286,0.0012591660488396883,0.5083348155021667,-0.8542463779449463,0.2806846797466278,0.2638871967792511
1.92,-0.00429668091237545,0.00022592676396016032,0.5096213817596436,-0.006030482705682516,0.0005555085372179747,0.5091537833213806,-0.8554003238677979,0.30398866534233093,0.27425479888916016
1.94,-0.004035894758999348,-0.0002488169993739575,0.510694146156311,-0.005790311377495527,-1.2059696018695831e-05,0.5099747776985168,-0.8671525120735168,0.3186916708946228,0.2696493864059448
1.96,-0.0037245776038616896,-0.0008058527600951493,0.5103579163551331,-0.005478760227560997,-0.0006509101949632168,0.5106288194656372,-0.8261092305183411,0.3741304874420166,0.2933938503265381
1.98,-0.0032598183024674654,-0.0011823984095826745,0.5111262202262878,-0.005478760227560997,-0.0006509101949632168,0.5106288194656372,-0.7723767161369324,0.3710063397884369,0.2812599837779999
2.0,-0.0031286459416151047,-0.0015341790858656168,0.5118454694747925,-0.004986593499779701,-0.0015328254085034132,0.5121101140975952,-0.7514554858207703,0.32477816939353943,0.2684997320175171
2.021,-0.0027299809735268354,-0.0018080903682857752,0.5128276348114014,-0.004866364412009716,-0.0021986353676766157,0.5126504302024841,-0.720875084400177,0.25673341751098633,0.26173529028892517
2.04,-0.001907407771795988,-0.0020793648436665535,0.5135114192962646,-0.004866364412009716,-0.0021986353676766157,0.5126504302024841,-0.7169867157936096,-0.4194909334182739,0.18379834294319153
2.06,-0.0010155808413401246,-0.0023721493780612946,0.5123751759529114,-0.004866364412009716,-0.0021986353676766157,0.5126504302024841,-0.7182525396347046,-2.8093512058258057,0.2704583406448364
2.08,-0.0007679978152737021,-0.0024622916243970394,0.5130876898765564,-0.004866364412009716,-0.0021986353676766157,0.5126504302024841,-0.7313355803489685,-5.858361721038818,0.24107247591018677
2.1,-0.00022685635485686362,-0.00258172326721251,0.5165092349052429,-0.004866364412009716,-0.0021986353676766157,0.5126504302024841,-0.7074346542358398,-8.379633903503418,0.27846622467041016
2.12,0.0010329096112400293,-0.002919015008956194,0.5176770687103271,-0.004866364412009716,-0.0021986353676766157,0.5126504302024841,-0.5880110263824463,-10.159676551818848,0.32071220874786377
2.14,0.0029919228982180357,-0.00333282258361578,0.5211893916130066,0.0021503069438040257,-0.0036493863444775343,0.5189136862754822,-0.47628048062324524,-11.48950481414795,0.3366495370864868
2.16,0.0057295337319374084,-0.0033559477888047695,0.5225155353546143,0.0021503069438040257,-0.0036493863444775343,0.5189136862754822,-0.3904300332069397,-12.631345748901367,0.37010055780410767
2.181,0.009280114434659481,-0.0034292377531528473,0.5260762572288513,0.00923909991979599,-0.004712903872132301,0.5197620391845703,-0.3242006301879883,-13.725484848022461,0.3314259648323059
2.2,0.013357911258935928,-0.0036309079732745886,0.5271015763282776,0.00923909991979599,-0.004712903872132301,0.5197620391845703,-0.30716341733932495,-14.749117851257324,0.2284814417362213
2.22,0.019507866352796555,-0.0039827399887144566,0.527917742729187,0.018969345837831497,-0.004271051846444607,0.5237748622894287,-0.22876153886318207,-15.6441068649292,0.24745602905750275
2.24,0.026089247316122055,-0.004011454060673714,0.5325640439987183,0.018969345837831497,-0.004271051846444607,0.5237748622894287,-0.17055141925811768,-16.32003402709961,0.2393004447221756
2.26,0.0343598909676075,-0.004136478062719107,0.5330276489257812,0.03295993059873581,-0.004407158121466637,0.5250483751296997,-0.0719156414270401,-16.680953979492188,0.22722645103931427
2.281,0.04300989955663681,-0.004033787176012993,0.5348440408706665,0.042979151010513306,-0.0064927032217383385,0.5204939246177673,-0.09374735504388809,-16.703163146972656,0.1885746866464615
2.3,0.05182795226573944,-0.0041260793805122375,0.5346203446388245,0.042979151010513306,-0.0064927032217383385,0.5204939246177673,-0.15610583126544952,-16.390625,0.040852583944797516
2.32,0.06354744732379913,-0.004236677195876837,0.5339857339859009,0.06117529422044754,-0.005020373500883579,0.5249204039573669,-0.15403136610984802,-15.877283096313477,0.07335110753774643
2.341,0.07545782625675201,-0.004295137710869312,0.5335511565208435,0.06117529422044754,-0.005020373500883579,0.5249204039573669,-0.16717608273029327,-15.155394554138184,0.08585351705551147
2.36,0.08704809844493866,-0.004223137628287077,0.5316826701164246,0.06117529422044754,-0.005020373500883579,0.5249204039573669,-0.1715923547744751,-14.218185424804688,0.10657291114330292
2.38,0.10066509246826172,-0.004289412871003151,0.5308427214622498,0.06117529422044754,-0.005020373500883579,0.5249204039573669,-0.1541254222393036,-13.160014152526855,0.11646179109811783
2.401,0.1149940937757492,-0.0041585685685276985,0.5271745324134827,0.06117529422044754,-0.005020373500883579,0.5249204039573669,-0.17347534000873566,-12.006571769714355,0.1373080313205719
2.421,0.1306103616952896,-0.004070010501891375,0.5259907245635986,0.06117529422044754,-0.005020373500883579,0.5249204039573669,-0.18927189707756042,-10.714325904846191,0.18365022540092468
2.44,0.14618077874183655,-0.0038044345565140247,0.5249596238136292,0.06117529422044754,-0.005020373500883579,0.5249204039573669,-0.2035650908946991,-9.328554153442383,0.20817314088344574
2.46,0.16304080188274384,-0.0032412272412329912,0.5194929838180542,0.06117529422044754,-0.005020373500883579,0.5249204039573669,-0.18368157744407654,-7.904703140258789,0.2171243131160736
2.48,0.17951788008213043,-0.003077547065913677,0.5184201598167419,0.06117529422044754,-0.005020373500883579,0.5249204039573669,-0.17072325944900513,-6.377043724060059,0.2392783761024475
2.5,0.19596344232559204,-0.002981936326250434,0.5131744146347046,0.06117529422044754,-0.005020373500883579,0.5249204039573669,-0.13749702274799347,-4.86508846282959,0.2495647519826889
2.52,0.21293041110038757,-0.0028808261267840862,0.512273371219635,0.06117529422044754,-0.005020373500883579,0.5249204039573669,-0.11043813824653625,-3.3073480129241943,0.2621583044528961
2.54,0.23089295625686646,-0.00307683483697474,0.5081486701965332,0.06117529422044754,-0.005020373500883579,0.5249204039573669,-0.0781758651137352,-1.8427913188934326,0.26356273889541626
2.56,0.2473694384098053,-0.002710155677050352,0.5076528191566467,0.06117529422044754,-0.005020373500883579,0.5249204039573669,-0.06502947211265564,-0.32624518871307373,0.2630588114261627
2.58,0.2642284035682678,-0.0026004898827522993,0.5061725974082947,0.06117529422044754,-0.005020373500883579,0.5249204039573669,-0.037275612354278564,1.1169532537460327,0.289559543132782
2.6,0.2811494469642639,-0.0023814067244529724,0.5063716173171997,0.06117529422044754,-0.005020373500883579,0.5249204039573669,-0.02828006073832512,2.4874067306518555,0.3120049834251404
2.62,0.296768456697464,-0.0022447246592491865,0.5066171288490295,0.06117529422044754,-0.005020373500883579,0.5249204039573669,-0.053133610635995865,3.8426880836486816,0.31578123569488525
2.64,0.3138136565685272,-0.0021734891925007105,0.5075024366378784,0.06117529422044754,-0.005020373500883579,0.5249204039573669,-0.037575963884592056,5.072010040283203,0.32093727588653564
2.66,0.3292953372001648,-0.0027120683807879686,0.508690595626831,0.06117529422044754,-0.005020373500883579,0.5249204039573669,0.05239706113934517,6.200355529785156,0.32307928800582886
2.68,0.3426004648208618,-0.002599732019007206,0.5122712850570679,0.06117529422044754,-0.005020373500883579,0.5249204039573669,0.06064813956618309,7.293214321136475,0.337857186794281
2.7,0.3586283326148987,-0.0020740299951285124,0.5139613747596741,0.06117529422044754,-0.005020373500883579,0.5249204039573669,0.05581022799015045,8.2044038772583,0.3643653094768524
2.72,0.3740084171295166,-0.0015229209093376994,0.5195630788803101,0.06117529422044754,-0.005020373500883579,0.5249204039573669,0.014405405148863792,9.041872024536133,0.38616183400154114
2.74,0.3874284625053406,-0.0009614985319785774,0.5216904282569885,0.06117529422044754,-0.005020373500883579,0.5249204039573669,-0.0270865298807621,9.715694427490234,0.426261305809021
2.76,0.40036097168922424,-0.000848003604914993,0.5244175791740417,0.06117529422044754,-0.005020373500883579,0.5249204039573669,-0.021695328876376152,10.293038368225098,0.41690510511398315
2.78,0.41337621212005615,-0.0007998754736036062,0.5262970924377441,0.06117529422044754,-0.005020373500883579,0.5249204039573669,0.012614480219781399,10.764321327209473,0.4489847421646118
2.8,0.42407506704330444,-0.0005836929776705801,0.5307650566101074,0.06117529422044754,-0.005020373500883579,0.5249204039573669,0.030718110501766205,11.167261123657227,0.4454701840877533
2.82,0.4347957670688629,-0.0006841171416454017,0.532465934753418,0.4273432791233063,-0.024774551391601562,0.5280704498291016,0.08575083315372467,11.403767585754395,0.42170315980911255
2.84,0.44073888659477234,-0.015136019326746464,0.5344680547714233,0.4364674687385559,-0.02543296292424202,0.5291627645492554,0.22689200937747955,11.577778816223145,0.39464497566223145
2.86,0.4495721459388733,-0.019475162029266357,0.5355488061904907,0.4364674687385559,-0.02543296292424202,0.5291627645492554,0.2133677452802658,11.551766395568848,0.41126880049705505
2.88,0.4589734971523285,-0.019616881385445595,0.5364687442779541,0.4364674687385559,-0.02543296292424202,0.5291627645492554,0.07789109647274017,11.444385528564453,0.40416911244392395
2.9,0.46436452865600586,-0.023495111614465714,0.5385457873344421,0.4543125331401825,-0.028632085770368576,0.5263714790344238,-0.15395118296146393,11.225906372070312,0.21792404353618622
2.92,0.47202035784721375,-0.024145059287548065,0.539092481136322,0.46507278084754944,-0.027937283739447594,0.5303101539611816,-0.43753427267074585,10.954645156860352,0.2178647667169571
2.94,0.4769918918609619,-0.02600645087659359,0.5403472781181335,0.4703080356121063,-0.02842221036553383,0.5299856066703796,-0.6242790818214417,10.664944648742676,0.23376120626926422
2.96,0.48169416189193726,-0.027178429067134857,0.5402878522872925,0.4749842882156372,-0.028862707316875458,0.5294546484947205,-0.8611651659011841,10.242109298706055,0.2441301792860031
2.98,0.4856676459312439,-0.028142930939793587,0.5401383638381958,0.4749842882156372,-0.028862707316875458,0.5294546484947205,-1.035780668258667,9.749491691589355,0.25444597005844116
3.0,0.49018821120262146,-0.028738947585225105,0.5400261878967285,0.4749842882156372,-0.028862707316875458,0.5294546484947205,-1.2028188705444336,9.235156059265137,0.2276887446641922
3.02,0.49415576457977295,-0.029157644137740135,0.539799153804779,0.4749842882156372,-0.028862707316875458,0.5294546484947205,-1.3778587579727173,8.703227996826172,0.21405960619449615
3.04,0.49732333421707153,-0.029475495219230652,0.5394860506057739,0.4749842882156372,-0.028862707316875458,0.5294546484947205,-1.5378637313842773,8.136558532714844,0.1941453516483307
3.06,0.5002403855323792,-0.029901375994086266,0.537563145160675,0.4749842882156372,-0.028862707316875458,0.5294546484947205,-1.6359460353851318,7.579542636871338,0.16681897640228271
3.08,0.5019378662109375,-0.03005913645029068,0.5370030403137207,0.4749842882156372,-0.028862707316875458,0.5294546484947205,-1.64506995677948,7.013377666473389,0.15544097125530243
3.1,0.5037316083908081,-0.030020061880350113,0.5364514589309692,0.4898874759674072,-0.0294205192476511,0.5228925943374634,-1.6903599500656128,6.367257595062256,0.14925755560398102
3.12,0.5012463927268982,-0.02982521802186966,0.5318267941474915,0.4901079535484314,-0.028981909155845642,0.5219114422798157,-1.746232271194458,5.839000701904297,0.1655879020690918
3.14,0.49911782145500183,-0.02949572540819645,0.5307013392448425,0.48994380235671997,-0.02855701930820942,0.5211722254753113,-1.768807053565979,5.252859115600586,0.1827109307050705
3.16,0.49764639139175415,-0.02903405763208866,0.5261069536209106,0.48994380235671997,-0.02855701930820942,0.5211722254753113,-1.7121154069900513,4.668313026428223,0.22135622799396515
3.18,0.4971172511577606,-0.02859668806195259,0.5251516103744507,0.4886953830718994,-0.027177084237337112,0.5199302434921265,-1.6937776803970337,3.986391544342041,0.22713281214237213
3.2,0.4948635995388031,-0.027840614318847656,0.5225133299827576,0.4886953830718994,-0.027177084237337112,0.5199302434921265,-1.6008940935134888,3.278420925140381,0.2587951123714447
3.22,0.49404510855674744,-0.027017103508114815,0.5218793153762817,0.4866746664047241,-0.025412609800696373,0.5197383165359497,-1.4842803478240967,2.6230685710906982,0.27055665850639343
3.24,0.4914892315864563,-0.025860445573925972,0.519778847694397,0.4866746664047241,-0.025412609800696373,0.5197383165359497,-1.3856343030929565,1.9950731992721558,0.2853507399559021
3.26,0.48888030648231506,-0.02459089644253254,0.5195804834365845,0.484707236289978,-0.023139867931604385,0.5214240550994873,-1.275976538658142,1.3735930919647217,0.1588311791419983
3.28,0.4874527156352997,-0.02361929416656494,0.5204914212226868,0.4825674295425415,-0.022144241258502007,0.5216567516326904,-1.1123008728027344,0.740917980670929,0.18041759729385376
3.3,0.4850446581840515,-0.022159211337566376,0.5209301114082336,0.4812462329864502,-0.020809968933463097,0.5227220058441162,-0.9647030234336853,0.18232351541519165,0.24165017902851105
3.32,0.48289039731025696,-0.020636800676584244,0.5216339230537415,0.47991490364074707,-0.019547155126929283,0.5242609977722168,-0.8503851294517517,-0.33904197812080383,0.26695388555526733
3.34,0.4808114767074585,-0.019270719960331917,0.5222922563552856,0.47991490364074707,-0.019547155126929283,0.5242609977722168,-0.698077380657196,-0.797795832157135,0.27818742394447327
3.36,0.4790986478328705,-0.017616011202335358,0.5233957767486572,0.47793444991111755,-0.01665506511926651,0.5277869701385498,-0.530598521232605,-1.1981549263000488,0.16391617059707642
3.38,0.4771553874015808,-0.016208598390221596,0.5260425209999084,0.47793444991111755,-0.01665506511926651,0.5277869701385498,-0.3461322784423828,-1.5467569828033447,0.1732940524816513
3.4,0.4758649468421936,-0.014311698265373707,0.5274348855018616,0.47594109177589417,-0.014079977758228779,0.5312260389328003,-0.1856645941734314,-1.885815143585205,0.04045774042606354
3.42,0.47463008761405945,-0.012698437087237835,0.5294409394264221,0.4753151535987854,-0.012939833104610443,0.533455491065979,0.02298188954591751,-2.161243438720703,0.038560740649700165
3.44,0.4737050235271454,-0.011553809978067875,0.5309998989105225,0.47488927841186523,-0.011681048199534416,0.5353212952613831,0.21950066089630127,-2.453845977783203,0.11252851784229279
3.46,0.4726426303386688,-0.01005642767995596,0.5321667790412903,0.47488927841186523,-0.011681048199534416,0.5353212952613831,0.39122474193573,-2.6524057388305664,0.09650568664073944
3.48,0.4722685217857361,-0.008877777494490147,0.533470869064331,0.4747677743434906,-0.009230048395693302,0.5384941101074219,0.5160909295082092,-2.808364152908325,0.12835727632045746
3.5,0.4722544252872467,-0.0073858280666172504,0.5363106727600098,0.47513383626937866,-0.008144564926624298,0.5401648283004761,0.6816393733024597,-2.9605872631073,0.14626869559288025
3.52,0.4718261957168579,-0.005888416897505522,0.5374466776847839,0.47513383626937866,-0.008144564926624298,0.5401648283004761,0.8249430060386658,-3.011991024017334,0.17209108173847198
3.54,0.47163358330726624,-0.00439113425090909,0.5384384393692017,0.47513383626937866,-0.008144564926624298,0.5401648283004761,0.8853440880775452,-3.0059075355529785,0.1726967692375183
3.56,0.4727790355682373,-0.00341722066514194,0.5416024327278137,0.47660988569259644,-0.0054742563515901566,0.5431525707244873,0.932722806930542,-2.9835259914398193,-0.007023594342172146
3.58,0.47382086515426636,-0.002309707924723625,0.542601466178894,0.4776769280433655,-0.004710510838776827,0.5440454483032227,1.0147159099578857,-2.9196527004241943,-0.14709573984146118
3.6,0.47548532485961914,-0.0018136220751330256,0.5442453026771545,0.4803139865398407,-0.0037630267906934023,0.5458833575248718,1.1207209825515747,-2.766068696975708,-0.05833854526281357
3.62,0.47624629735946655,-0.0006381025305017829,0.5449613332748413,0.4803139865398407,-0.0037630267906934023,0.5458833575248718,1.1570302248001099,-2.5551044940948486,-0.03638647496700287
3.64,0.4784270226955414,-0.00026764909853227437,0.5458055734634399,0.4825103282928467,-0.0031870193779468536,0.5457541346549988,1.196349024772644,-2.3615190982818604,-0.11132179945707321
3.66,0.4806540012359619,0.00020261127792764455,0.5462563633918762,0.485999196767807,-0.002339297439903021,0.5471220016479492,1.2165658473968506,-2.1557977199554443,-0.04854295775294304
3.68,0.4821375906467438,0.0007686418830417097,0.5455526113510132,0.485999196767807,-0.002339297439903021,0.5471220016479492,1.2133251428604126,-1.9417939186096191,-0.045202016830444336
3.7,0.48499783873558044,0.0008436833159066737,0.5456083416938782,0.4892050623893738,-0.0024493089877068996,0.5459792017936707,1.2131121158599854,-1.6973679065704346,-0.1756916493177414
3.72,0.48699045181274414,0.0012635417515411973,0.5449671149253845,0.4892050623893738,-0.0024493089877068996,0.5459792017936707,1.1815354824066162,-1.3864777088165283,-0.15759550034999847
3.74,0.48864758014678955,0.001895289053209126,0.5447635650634766,0.4892050623893738,-0.0024493089877068996,0.5459792017936707,1.0738887786865234,-1.0823251008987427,-0.1496940702199936
3.76,0.49114087224006653,0.002288864692673087,0.5445087552070618,0.4892050623893738,-0.0024493089877068996,0.5459792017936707,0.991983950138092,-0.7396940588951111,-0.14595188200473785
3.78,0.4953590929508209,0.0013962097000330687,0.5432685017585754,0.5019624829292297,-0.002180175855755806,0.5464385747909546,0.9238623380661011,-0.4913891851902008,-0.08994625508785248
3.8,0.49747246503829956,0.0016221660189330578,0.5428499579429626,0.5019624829292297,-0.002180175855755806,0.5464385747909546,0.8455119729042053,-0.17549748718738556,-0.08842988312244415
3.82,0.5016463994979858,0.0008827165002003312,0.5438603162765503,0.5078935623168945,-0.0028807707130908966,0.5457432270050049,0.7894389033317566,0.10871139168739319,-0.042364008724689484
3.84,0.5042704939842224,0.0007543292012996972,0.5436201691627502,0.5078935623168945,-0.0028807707130908966,0.5457432270050049,0.6818575263023376,0.4564988613128662,0.006902472116053104
3.86,0.5082926750183105,-0.00015458923007827252,0.5432799458503723,0.5138764381408691,-0.0038313267286866903,0.5451202392578125,0.6584648489952087,0.762843906879425,0.036326535046100616
3.88,0.5110605359077454,-0.00022052803251426667,0.5431267023086548,0.5138764381408691,-0.0038313267286866903,0.5451202392578125,0.5632089376449585,1.0897464752197266,0.060532160103321075
3.9,0.5130214691162109,-0.0005028597661294043,0.5437851548194885,0.5138764381408691,-0.0038313267286866903,0.5451202392578125,0.4739781320095062,1.3928793668746948,0.07513576745986938
3.92,0.515879213809967,-0.0008740059565752745,0.5437948703765869,0.5138764381408691,-0.0038313267286866903,0.5451202392578125,0.3547375202178955,1.649425983428955,0.04884869232773781
3.94,0.5180961489677429,-0.0012443845625966787,0.5431458353996277,0.5138764381408691,-0.0038313267286866903,0.5451202392578125,0.25503233075141907,1.8812403678894043,0.043887872248888016
3.96,0.5203717350959778,-0.0015985181089490652,0.54312664270401,0.5138764381408691,-0.0038313267286866903,0.5451202392578125,0.14939138293266296,2.1081550121307373,0.020458849146962166
3.98,0.5226672887802124,-0.0019065506057813764,0.5431145429611206,0.5138764381408691,-0.0038313267286866903,0.5451202392578125,0.051157496869564056,2.302264928817749,0.04306063428521156
4.0,0.5247349143028259,-0.002352784387767315,0.5414214134216309,0.5138764381408691,-0.0038313267286866903,0.5451202392578125,-0.04501235857605934,2.460317373275757,0.05630342662334442
4.02,0.5265038013458252,-0.002721004420891404,0.5412315130233765,0.5138764381408691,-0.0038313267286866903,0.5451202392578125,-0.14178717136383057,2.6045076847076416,0.03069198690354824
4.04,0.527669370174408,-0.002529074205085635,0.5405864119529724,0.5138764381408691,-0.0038313267286866903,0.5451202392578125,-0.3368965983390808,2.726292610168457,0.010038550943136215
4.06,0.5290367007255554,-0.001738739782012999,0.5404167771339417,0.5138764381408691,-0.0038313267286866903,0.5451202392578125,-1.9480690956115723,2.8252878189086914,0.016151851043105125
4.08,0.5339441299438477,-0.005494824144989252,0.5394518375396729,0.5396170020103455,-0.011423913761973381,0.5417628884315491,-4.803866863250732,2.803844690322876,-0.18727783858776093
4.1,0.537043035030365,-0.007874605245888233,0.5395658016204834,0.5423306226730347,-0.011185366660356522,0.5428529977798462,-7.504133701324463,2.8365583419799805,-0.17708250880241394
4.12,0.5393744707107544,-0.008688289672136307,0.5432248711585999,0.5436985492706299,-0.010865610092878342,0.5430717468261719,-9.499568939208984,2.9186348915100098,-0.14817531406879425
4.14,0.5401085615158081,-0.00806485116481781,0.5438817143440247,0.5436985492706299,-0.010865610092878342,0.5430717468261719,-10.944403648376465,3.0051066875457764,-0.15019844472408295
4.16,0.5405842065811157,-0.006430524401366711,0.5483493804931641,0.5436985492706299,-0.010865610092878342,0.5430717468261719,-12.168676376342773,3.046802043914795,-0.15472504496574402
4.18,0.542383074760437,-0.0046640741638839245,0.5491560697555542,0.5468984842300415,-0.0061272913590073586,0.5435215830802917,-13.293832778930664,3.0117850303649902,-0.178397998213768
4.2,0.5426880121231079,-0.0013990337029099464,0.5499202013015747,0.5468984842300415,-0.0061272913590073586,0.5435215830802917,-14.356818199157715,2.917180061340332,-0.24104392528533936
4.22,0.5427919030189514,0.0028835160192102194,0.5547623038291931,0.5468984842300415,-0.0061272913590073586,0.5435215830802917,-15.289227485656738,2.825735569000244,-0.3041723072528839
4.24,0.5442242622375488,0.007470690179616213,0.5549909472465515,0.5490143895149231,0.006111017428338528,0.5425963401794434,-16.05367660522461,2.7320566177368164,-0.36324796080589294
4.26,0.5440073609352112,0.013731003738939762,0.558570146560669,0.5490143895149231,0.006111017428338528,0.5425963401794434,-16.648107528686523,2.6641533374786377,-0.3697398006916046
4.28,0.5444996953010559,0.021137723699212074,0.5583467483520508,0.5497711896896362,0.01717333123087883,0.5438796877861023,-16.99608039855957,2.6219236850738525,-0.6129399538040161
4.3,0.544201672077179,0.029663844034075737,0.5587052702903748,0.5497711896896362,0.01717333123087883,0.5438796877861023,-17.079519271850586,2.481473207473755,-0.6118603944778442
4.32,0.5449074506759644,0.03837048262357712,0.5574812293052673,0.5500677824020386,0.035766709595918655,0.5366562008857727,-16.876110076904297,2.3663065433502197,-0.6279630661010742
4.34,0.5443103909492493,0.04896862432360649,0.5559465885162354,0.5500677824020386,0.035766709595918655,0.5366562008857727,-16.416597366333008,2.230048656463623,-0.6459541320800781
4.36,0.5435165166854858,0.06096353754401207,0.5545840263366699,0.5500677824020386,0.035766709595918655,0.5366562008857727,-15.762566566467285,2.073308229446411,-0.6463848948478699
4.38,0.5439683794975281,0.07222562283277512,0.5500452518463135,0.5506646037101746,0.06478039175271988,0.5357649326324463,-14.912245750427246,1.9725611209869385,-0.8543185591697693
4.4,0.5446135401725769,0.08477623760700226,0.5473501086235046,0.5499070882797241,0.08075179904699326,0.525934636592865,-13.90058708190918,1.8090399503707886,-0.8290221691131592
4.42,0.5435452461242676,0.09930834919214249,0.5451917052268982,0.5499070882797241,0.08075179904699326,0.525934636592865,-12.779374122619629,1.6323336362838745,-0.813603401184082
4.44,0.5422931909561157,0.11506125330924988,0.5424243211746216,0.5499070882797241,0.08075179904699326,0.525934636592865,-11.585712432861328,1.4391742944717407,-0.806402862071991
4.46,0.541067361831665,0.13134141266345978,0.5404648184776306,0.5499070882797241,0.08075179904699326,0.525934636592865,-10.248869895935059,1.2994861602783203,-0.7662737369537354
4.48,0.5400531888008118,0.14796093106269836,0.535429835319519,0.5499070882797241,0.08075179904699326,0.525934636592865,-8.832507133483887,1.1653903722763062,-0.7191833853721619
4.5,0.538977861404419,0.1652623862028122,0.5337164998054504,0.5499070882797241,0.08075179904699326,0.525934636592865,-7.294661998748779,1.0242308378219604,-0.6894739270210266
4.52,0.5377905964851379,0.1827528029680252,0.5277782678604126,0.5499070882797241,0.08075179904699326,0.525934636592865,-5.751793384552002,0.8693360686302185,-0.6458726525306702
4.54,0.5361526608467102,0.20109276473522186,0.5262942314147949,0.5499070882797241,0.08075179904699326,0.525934636592865,-4.141959190368652,0.7872182726860046,-0.5969927310943604
4.56,0.5353723764419556,0.21872910857200623,0.5209132432937622,0.5499070882797241,0.08075179904699326,0.525934636592865,-2.543037176132202,0.6409692764282227,-0.5429062843322754
4.58,0.5341126322746277,0.23705457150936127,0.5197674632072449,0.5499070882797241,0.08075179904699326,0.525934636592865,-0.955958366394043,0.49748924374580383,-0.5216386318206787
4.6,0.5326494574546814,0.2561478912830353,0.5166006684303284,0.5499070882797241,0.08075179904699326,0.525934636592865,0.5041275024414062,0.3226642608642578,-0.4959784746170044
4.62,0.5365885496139526,0.26822441816329956,0.5157430171966553,0.5464050769805908,0.25817105174064636,0.5082100629806519,2.1081650257110596,0.14459674060344696,-0.43288373947143555
4.64,0.5383920073509216,0.2834315896034241,0.5162354111671448,0.5460731387138367,0.27514219284057617,0.508962094783783,3.590902090072632,0.02696380391716957,-0.38496652245521545
4.66,0.5392984747886658,0.29902383685112,0.5162073969841003,0.5457007884979248,0.2917484641075134,0.5100372433662415,4.897096633911133,-0.06546949595212936,-0.3089374899864197
4.68,0.5382559299468994,0.3165149688720703,0.516630232334137,0.5457007884979248,0.2917484641075134,0.5100372433662415,6.065619945526123,-0.10789385437965393,-0.2995182275772095
4.7,0.5387704968452454,0.3309645354747772,0.51924067735672,0.5448950529098511,0.32339632511138916,0.512953519821167,7.125035285949707,-0.09572507441043854,-0.2792699337005615
4.72,0.5391280651092529,0.3458515703678131,0.5200328826904297,0.5445574522018433,0.3384525179862976,0.5147836804389954,8.039596557617188,-0.05924135446548462,-0.258779913187027
4.74,0.5381499528884888,0.36183932423591614,0.5235753059387207,0.5445574522018433,0.3384525179862976,0.5147836804389954,8.86954116821289,0.07092458754777908,-0.28616493940353394
4.76,0.5381785035133362,0.37499260902404785,0.5247266292572021,0.5437273979187012,0.3664357662200928,0.518686056137085,9.659255981445312,0.18069948256015778,-0.25445547699928284
4.78,0.5381332039833069,0.3877164423465729,0.530022144317627,0.5432820320129395,0.3794519901275635,0.5204880237579346,10.291041374206543,0.21400043368339539,-0.21876145899295807
4.8,0.5372201800346375,0.40128445625305176,0.5316543579101562,0.5432820320129395,0.3794519901275635,0.5204880237579346,10.790709495544434,0.20844008028507233,-0.21471375226974487
4.82,0.5372347235679626,0.4124196171760559,0.5354916453361511,0.5423026084899902,0.4030393362045288,0.5240603685379028,11.17723560333252,0.2265615314245224,-0.208135724067688
4.84,0.5363020896911621,0.42451202869415283,0.5370286107063293,0.5413885116577148,0.4203094244003296,0.5311189889907837,11.411783218383789,0.24842064082622528,-0.23418337106704712
4.86,0.5366547107696533,0.4348960220813751,0.5412377715110779,0.5413885116577148,0.4203094244003296,0.5311189889907837,11.54733657836914,0.23594951629638672,-0.4150204360485077
4.88,0.5364345908164978,0.4445614218711853,0.5422043800354004,0.5404806137084961,0.4325007200241089,0.5279113054275513,11.574698448181152,0.296607106924057,-0.3964231610298157
4.9,0.535621702671051,0.454213947057724,0.5432144403457642,0.5404806137084961,0.4325007200241089,0.5279113054275513,11.514826774597168,0.37115052342414856,-0.4096836745738983
4.92,0.5348656177520752,0.4632345139980316,0.5453056693077087,0.5404806137084961,0.4325007200241089,0.5279113054275513,11.429110527038574,0.3892967402935028,-0.41074392199516296
4.94,0.5341174006462097,0.4714055061340332,0.545891284942627,0.5404806137084961,0.4325007200241089,0.5279113054275513,11.248607635498047,0.3661499321460724,-0.4070906639099121
4.96,0.5331993699073792,0.4786836504936218,0.5461280941963196,0.5404806137084961,0.4325007200241089,0.5279113054275513,11.002097129821777,0.36226701736450195,-0.4076661765575409
4.98,0.5322834849357605,0.4852394461631775,0.5461592674255371,0.5404806137084961,0.4325007200241089,0.5279113054275513,10.704085350036621,0.3418697714805603,-0.4064624607563019
5.0,0.531302809715271,0.4914480745792389,0.5444101095199585,0.5404806137084961,0.4325007200241089,0.5279113054275513,10.309920310974121,0.33069008588790894,-0.38883617520332336
5.02,0.5314403176307678,0.4913714826107025,0.5432920455932617,0.5352742671966553,0.4739709496498108,0.5270565152168274,9.998398780822754,0.3508143126964569,-0.351839542388916
5.04,0.5311402678489685,0.49199652671813965,0.5396938920021057,0.5344172716140747,0.4769267737865448,0.5260389447212219,9.608088493347168,0.34096771478652954,-0.32650741934776306
5.06,0.5307196378707886,0.49252718687057495,0.5381147265434265,0.5334674119949341,0.47927603125572205,0.5248799324035645,9.15757942199707,0.3063577115535736,-0.3116079270839691
5.08,0.5299054980278015,0.4951269328594208,0.5341895222663879,0.5334674119949341,0.47927603125572205,0.5248799324035645,8.561197280883789,0.27469784021377563,-0.2597460150718689
5.1,0.5290223956108093,0.4972477853298187,0.5327008366584778,0.5334674119949341,0.47927603125572205,0.5248799324035645,7.821355819702148,0.31281983852386475,-0.21902740001678467
5.12,0.5282748937606812,0.49846288561820984,0.5313359498977661,0.5334674119949341,0.47927603125572205,0.5248799324035645,7.020058631896973,0.29505088925361633,-0.1866309940814972
5.14,0.5272863507270813,0.49912020564079285,0.5283361077308655,0.5334674119949341,0.47927603125572205,0.5248799324035645,6.246243000030518,0.27049145102500916,-0.16102895140647888
5.16,0.5268936157226562,0.4950617849826813,0.5269673466682434,0.5288769006729126,0.4818996489048004,0.5195223093032837,5.6375932693481445,0.3263856768608093,-0.1521703153848648
5.18,0.5259731411933899,0.4946833848953247,0.5242530703544617,0.5288769006729126,0.4818996489048004,0.5195223093032837,4.941397190093994,0.3053739368915558,-0.13604938983917236
5.2,0.5255062580108643,0.49050065875053406,0.5233747959136963,0.5269245505332947,0.4797046184539795,0.5188116431236267,4.217317581176758,0.255643367767334,-0.09661118686199188
5.22,0.5243911147117615,0.4893002212047577,0.5216780304908752,0.5269245505332947,0.4797046184539795,0.5188116431236267,3.4047930240631104,0.22203055024147034,-0.07513698935508728
5.24,0.5237523913383484,0.48511752486228943,0.5212928652763367,0.5249148607254028,0.4762547016143799,0.5191047787666321,2.6282055377960205,0.19695118069648743,-0.08751235902309418
5.26,0.5229147672653198,0.4831489324569702,0.5203588604927063,0.523311972618103,0.47316259145736694,0.5195767879486084,1.8513175249099731,0.1855998933315277,-0.0671682134270668
5.28,0.5220420956611633,0.47907555103302,0.5204319953918457,0.523311972618103,0.47316259145736694,0.5195767879486084,1.156278371810913,0.17163097858428955,-0.25927072763442993
5.3,0.5210819244384766,0.4753907024860382,0.5204899907112122,0.52182936668396,0.4699728488922119,0.5214155316352844,0.44155892729759216,0.15522408485412598,-0.22665973007678986
5.32,0.5201794505119324,0.47322729229927063,0.5209269523620605,0.52182936668396,0.4699728488922119,0.5214155316352844,-0.2990148365497589,0.15383917093276978,-0.20164307951927185
5.34,0.5191890597343445,0.4707982838153839,0.5214828848838806,0.52182936668396,0.4699728488922119,0.5214155316352844,-0.937110960483551,0.12934476137161255,-0.1830877810716629
5.36,0.5183457136154175,0.4688709080219269,0.523545503616333,0.52182936668396,0.4699728488922119,0.5214155316352844,-1.4805704355239868,0.08422379940748215,-0.17213129997253418
5.38,0.5173428654670715,0.4656422734260559,0.5244885683059692,0.5177937746047974,0.46185988187789917,0.5265144109725952,-1.981149673461914,0.050552163273096085,-0.16687889397144318
5.4,0.5164386630058289,0.4625247120857239,0.5258805155754089,0.5168336033821106,0.4601917862892151,0.5278412699699402,-2.43143892288208,0.0036762135569006205,-0.16160938143730164
5.42,0.5153733491897583,0.461065411567688,0.5268473625183105,0.5168336033821106,0.4601917862892151,0.5278412699699402,-2.836284875869751,-0.05934847146272659,-0.13863496482372284
5.44,0.5144464373588562,0.4590032696723938,0.5296088457107544,0.5141667723655701,0.4571414887905121,0.5313751697540283,-3.161885976791382,-0.11672008037567139,-0.11873198300600052
5.46,0.513175904750824,0.45688048005104065,0.5307347774505615,0.5141667723655701,0.4571414887905121,0.5313751697540283,-3.4176526069641113,-0.151860311627388,-0.31473180651664734
5.48,0.5122257471084595,0.4555252492427826,0.5326313376426697,0.5129903554916382,0.45574408769607544,0.5332341194152832,-3.6640162467956543,-0.18358111381530762,-0.27674317359924316
5.5,0.5112794637680054,0.4545348584651947,0.5336534380912781,0.5120947360992432,0.4553104639053345,0.5343183875083923,-3.836270809173584,-0.22261133790016174,-0.2487604171037674
5.52,0.5104333758354187,0.4540439248085022,0.5345703959465027,0.5112694501876831,0.45519858598709106,0.5353319644927979,-3.916537284851074,-0.28730130195617676,-0.23987345397472382
5.54,0.5095071196556091,0.4537368714809418,0.535902738571167,0.5104002356529236,0.45540595054626465,0.5362976789474487,-3.9497287273406982,-0.3864096701145172,-0.23589082062244415
5.56,0.5085133910179138,0.45348161458969116,0.536551296710968,0.5104002356529236,0.45540595054626465,0.5362976789474487,-3.9414241313934326,-0.46123796701431274,-0.2255883365869522
5.58,0.5075461864471436,0.4535689949989319,0.538413941860199,0.5104002356529236,0.45540595054626465,0.5362976789474487,-3.8572428226470947,-0.5077598690986633,-0.21247537434101105
5.6,0.5066050887107849,0.4537709951400757,0.5389160513877869,0.5104002356529236,0.45540595054626465,0.5362976789474487,-3.780170202255249,-0.5724220871925354,-0.1938592493534088
5.62,0.5061045289039612,0.45558884739875793,0.5403841733932495,0.5075557231903076,0.4591313600540161,0.538051187992096,-3.670440196990967,-0.5830312967300415,-0.1811487227678299
5.64,0.5052441358566284,0.45683392882347107,0.5407190322875977,0.5075557231903076,0.4591313600540161,0.538051187992096,-3.495689868927002,-0.6141420006752014,-0.15781310200691223
5.66,0.5043535232543945,0.4581518769264221,0.54060298204422,0.5075557231903076,0.4591313600540161,0.538051187992096,-3.2658164501190186,-0.6136978268623352,-0.1361934244632721
5.68,0.5038015246391296,0.45987585186958313,0.5406616926193237,0.5058817863464355,0.4664071500301361,0.5391330718994141,-2.9940991401672363,-0.6604264378547668,-0.09904585033655167
5.7,0.5034304261207581,0.4630032479763031,0.5399652719497681,0.5058817863464355,0.4664071500301361,0.5391330718994141,-2.7537238597869873,-0.7161877155303955,-0.23944976925849915
5.72,0.5022649765014648,0.46481212973594666,0.5397840142250061,0.5058817863464355,0.4664071500301361,0.5391330718994141,-2.4474430084228516,-0.707206666469574,-0.20294921100139618
5.74,0.5024097561836243,0.4685893952846527,0.539271354675293,0.504813551902771,0.4728434085845947,0.5368387699127197,-2.14546275138855,-0.7565953135490417,-0.16380371153354645
5.76,0.5019630193710327,0.4711882770061493,0.5389471650123596,0.5047035813331604,0.4777738153934479,0.5377990007400513,-1.810410737991333,-0.7512598037719727,-0.11904516071081161
5.78,0.5017503499984741,0.4753190875053406,0.5385521650314331,0.5047035813331604,0.4777738153934479,0.5377990007400513,-1.4891794919967651,-0.6904675364494324,-0.22199979424476624
5.8,0.5015361309051514,0.4781171977519989,0.5359142422676086,0.5047035813331604,0.4777738153934479,0.5377990007400513,-1.0897270441055298,-0.6777850985527039,-0.1824534684419632
5.82,0.5012140870094299,0.48099780082702637,0.535340428352356,0.5047035813331604,0.4777738153934479,0.5377990007400513,-0.6502784490585327,-0.6580089330673218,-0.15278151631355286
5.84,0.5009111166000366,0.48434877395629883,0.5351967811584473,0.5047035813331604,0.4777738153934479,0.5377990007400513,-0.2618388235569,-0.6181694865226746,-0.10765042155981064
5.86,0.5016018748283386,0.48917531967163086,0.5347546339035034,0.5040071606636047,0.492878794670105,0.5340154767036438,0.07197760045528412,-0.6133861541748047,-0.056285176426172256
5.88,0.5019821524620056,0.49374449253082275,0.534169614315033,0.5040930509567261,0.49640610814094543,0.5335828065872192,0.38061434030532837,-0.5694566965103149,0.010065261274576187
5.9,0.5018357038497925,0.49694180488586426,0.533870279788971,0.5040930509567261,0.49640610814094543,0.5335828065872192,0.7341179847717285,-0.5194201469421387,0.047918498516082764
5.92,0.5016335844993591,0.5001198053359985,0.5325349569320679,0.5040930509567261,0.49640610814094543,0.5335828065872192,1.1206740140914917,-0.4067484736442566,0.065457284450531
5.94,0.5024133920669556,0.5045233368873596,0.5322778224945068,0.5046769380569458,0.5092296600341797,0.5344892740249634,1.467641830444336,-0.3223588466644287,-0.10067253559827805
5.96,0.5023564100265503,0.5075191259384155,0.531999945640564,0.5046769380569458,0.5092296600341797,0.5344892740249634,1.817293405532837,-0.2449679970741272,-0.08616534620523453
5.98,0.5029360055923462,0.511663019657135,0.5318177938461304,0.5049423575401306,0.5138877630233765,0.5330304503440857,2.0833730697631836,-0.22790977358818054,-0.01864166371524334
6.0,0.5036004781723022,0.5152239203453064,0.5317278504371643,0.5050987601280212,0.5171421766281128,0.5331882238388062,2.3592476844787598,-0.2139914184808731,0.016353607177734375
6.02,0.5039476752281189,0.5186046361923218,0.531013011932373,0.5053709149360657,0.5201621055603027,0.5332472324371338,2.581489324569702,-0.15362821519374847,0.07018011063337326
6.04,0.5040727853775024,0.5210279822349548,0.5309504270553589,0.5053709149360657,0.5201621055603027,0.5332472324371338,2.762350082397461,-0.08675415068864822,0.07615577429533005
6.06,0.5036736726760864,0.5237503051757812,0.5322459936141968,0.5058525204658508,0.5274435877799988,0.5351594686508179,2.946401596069336,0.6618530750274658,0.03581664711236954
6.08,0.5038378238677979,0.526818037033081,0.5327077507972717,0.5058525204658508,0.5274435877799988,0.5351594686508179,3.166036367416382,2.9964873790740967,-0.23782765865325928
6.1,0.5036158561706543,0.5289180874824524,0.5348326563835144,0.5058525204658508,0.5274435877799988,0.5351594686508179,3.3306961059570312,6.083329677581787,-0.3491000533103943
6.12,0.5037285685539246,0.5303078293800354,0.5356976985931396,0.5058525204658508,0.5274435877799988,0.5351594686508179,3.441520929336548,8.616867065429688,-0.4476511478424072
6.14,0.5030186772346497,0.5325835347175598,0.5411829352378845,0.5038182735443115,0.5348543524742126,0.5358618497848511,3.508678674697876,10.406536102294922,-0.44253990054130554
6.16,0.501029908657074,0.5338323712348938,0.5423591732978821,0.5038182735443115,0.5348543524742126,0.5358618497848511,3.5537421703338623,11.74562931060791,-0.42950916290283203
6.18,0.4989737272262573,0.5355001091957092,0.5473070740699768,0.4998027980327606,0.5382548570632935,0.5367589592933655,3.6000077724456787,12.828202247619629,-0.43328365683555603
6.2,0.4955486059188843,0.5371432900428772,0.54813551902771,0.4966610074043274,0.5396624207496643,0.5367892980575562,3.6360039710998535,13.871582984924316,-0.43132421374320984
6.22,0.4914529621601105,0.5379716157913208,0.5488911271095276,0.4966610074043274,0.5396624207496643,0.5367892980575562,3.6484529972076416,14.855813026428223,-0.4491036832332611
6.24,0.48638707399368286,0.5383868217468262,0.5528568029403687,0.4966610074043274,0.5396624207496643,0.5367892980575562,3.6256682872772217,15.70053768157959,-0.4485883414745331
6.26,0.4801722764968872,0.5396391749382019,0.5525285601615906,0.4817827641963959,0.5428245067596436,0.5348483920097351,3.4858391284942627,16.380582809448242,-0.3986377716064453
6.28,0.47272858023643494,0.540500819683075,0.5550506711006165,0.4749121069908142,0.5435388684272766,0.5335134863853455,3.323622703552246,16.817489624023438,-0.3418302834033966
6.3,0.46437689661979675,0.5410861372947693,0.5539644956588745,0.4671623110771179,0.5440311431884766,0.5315604209899902,3.1363470554351807,16.90849494934082,-0.2638561427593231
6.32,0.45532742142677307,0.5409195423126221,0.5544443726539612,0.4671623110771179,0.5440311431884766,0.5315604209899902,2.9450836181640625,16.687461853027344,-0.1716688573360443
6.34,0.4446733891963959,0.5402687191963196,0.5532800555229187,0.44549769163131714,0.5442641973495483,0.5304246544837952,2.8088979721069336,16.249267578125,-0.11094312369823456
6.36,0.43333038687705994,0.5402800440788269,0.5498681664466858,0.44549769163131714,0.5442641973495483,0.5304246544837952,2.67313551902771,15.62437915802002,-0.19515885412693024
6.38,0.42122748494148254,0.5396450757980347,0.5480390191078186,0.44549769163131714,0.5442641973495483,0.5304246544837952,2.4550039768218994,14.794572830200195,-0.08894652873277664
6.4,0.4082047641277313,0.5399299263954163,0.5422798991203308,0.4135207533836365,0.5443906784057617,0.5172343850135803,2.2088351249694824,13.807947158813477,0.004734989255666733
6.42,0.3936816155910492,0.5389738082885742,0.5397743582725525,0.4135207533836365,0.5443906784057617,0.5172343850135803,1.9829397201538086,12.703218460083008,0.06583390384912491
6.44,0.37857586145401,0.5389882922172546,0.5364260673522949,0.38577035069465637,0.5434162020683289,0.5104684829711914,1.7652344703674316,11.453133583068848,0.15080523490905762
6.46,0.36264291405677795,0.5384953022003174,0.5310888290405273,0.3707714080810547,0.5427824854850769,0.507209300994873,1.56118905544281,10.125116348266602,0.21911472082138062
6.48,0.34680962562561035,0.5380369424819946,0.5281184315681458,0.35054880380630493,0.5412427186965942,0.5103623270988464,1.3531835079193115,8.649548530578613,0.0914221778512001
6.5,0.3306862711906433,0.5374751687049866,0.5210388898849487,0.3341478407382965,0.540434718132019,0.5082089900970459,1.198695421218872,7.154272556304932,-0.006933190394192934
6.52,0.3131371736526489,0.5362732410430908,0.5189666152000427,0.3341478407382965,0.540434718132019,0.5082089900970459,1.0100290775299072,5.571821212768555,0.09435806423425674
6.54,0.29552775621414185,0.5350502729415894,0.5138063430786133,0.3341478407382965,0.540434718132019,0.5082089900970459,0.8407257795333862,4.028018951416016,0.14131565392017365
6.56,0.2765515148639679,0.5337972640991211,0.512332022190094,0.3341478407382965,0.540434718132019,0.5082089900970459,0.7135190367698669,2.3516504764556885,0.17768287658691406
6.58,0.25943467020988464,0.5331015586853027,0.5057154893875122,0.27065300941467285,0.5371099710464478,0.49613603949546814,0.5516595840454102,0.839292585849762,0.23225632309913635
6.6,0.2408931404352188,0.53163743019104,0.504671037197113,0.27065300941467285,0.5371099710464478,0.49613603949546814,0.41615524888038635,-0.6181724071502686,0.24497447907924652
6.62,0.22420823574066162,0.5308610796928406,0.5031484365463257,0.23607689142227173,0.5349273681640625,0.4965475797653198,0.2778233289718628,-2.108645439147949,0.2968509793281555
6.64,0.2071608453989029,0.5300774574279785,0.5027778744697571,0.2191314846277237,0.5337448120117188,0.4974610209465027,0.14516013860702515,-3.456796646118164,0.35402336716651917
6.66,0.19084390997886658,0.5297678112983704,0.5030868053436279,0.1977187693119049,0.5325567722320557,0.5072275400161743,0.013280061073601246,-4.754146575927734,0.2114945948123932
6.68,0.173874169588089,0.5283915996551514,0.5031800270080566,0.1977187693119049,0.5325567722320557,0.5072275400161743,-0.06977684795856476,-5.940407752990723,0.21902313828468323
6.7,0.15705932676792145,0.5271825194358826,0.5039494633674622,0.1977187693119049,0.5325567722320557,0.5072275400161743,-0.10773618519306183,-7.014255046844482,0.23104330897331238
6.72,0.14266753196716309,0.5261984467506409,0.5082041621208191,0.1554432213306427,0.5293183326721191,0.5051355361938477,-0.09677889943122864,-7.997766017913818,0.28151774406433105
6.74,0.12693996727466583,0.5248898863792419,0.5096604228019714,0.1554432213306427,0.5293183326721191,0.5051355361938477,-0.09927720576524734,-8.834248542785645,0.27675455808639526
6.76,0.11380190402269363,0.5241137742996216,0.5161862373352051,0.1270696520805359,0.5272743105888367,0.5103461742401123,-0.10776897519826889,-9.681427955627441,0.3186236619949341
6.78,0.10005649924278259,0.523019552230835,0.5182676911354065,0.1270696520805359,0.5272743105888367,0.5103461742401123,-0.1488722711801529,-10.384765625,0.2810208797454834
6.8,0.0878482460975647,0.5222545862197876,0.524393618106842,0.10150519013404846,0.5253233909606934,0.5156856775283813,-0.21688927710056305,-10.9916353225708,0.29912808537483215
6.82,0.07658766955137253,0.5215557217597961,0.5264248251914978,0.0898905098438263,0.5244207382202148,0.5183042287826538,-0.25478267669677734,-11.402990341186523,0.30486860871315
6.84,0.06656701117753983,0.5213196873664856,0.5307021737098694,0.0763610452413559,0.5233920812606812,0.5261954069137573,-0.30880096554756165,-11.674426078796387,0.13891388475894928
6.86,0.055537864565849304,0.5203289985656738,0.5326246023178101,0.0763610452413559,0.5233920812606812,0.5261954069137573,-0.28407835960388184,-11.812339782714844,0.1319284737110138
6.88,0.047126490622758865,0.5195416808128357,0.5338993668556213,0.059852249920368195,0.5217438340187073,0.5244788527488708,-0.23956921696662903,-11.89550495147705,0.17225638031959534
6.9,0.037563517689704895,0.5186002850532532,0.5360881686210632,0.059852249920368195,0.5217438340187073,0.5244788527488708,-0.20929668843746185,-11.805484771728516,0.16045533120632172
6.92,0.030772004276514053,0.5179397463798523,0.5366625785827637,0.04371556639671326,0.5200536251068115,0.5266607403755188,-0.20039978623390198,-11.687637329101562,0.1793683022260666
6.94,0.023166311904788017,0.5169529318809509,0.5378855466842651,0.04371556639671326,0.5200536251068115,0.5266607403755188,-0.2042335718870163,-11.529939651489258,0.15272924304008484
6.96,0.015879718586802483,0.5160355567932129,0.5380898714065552,0.04371556639671326,0.5200536251068115,0.5266607403755188,-0.23163123428821564,-11.301286697387695,0.15426982939243317
6.98,0.009655717760324478,0.5148519277572632,0.5367034673690796,0.04371556639671326,0.5200536251068115,0.5266607403755188,-0.2517836391925812,-10.983942985534668,0.15869595110416412
7.0,0.006727550178766251,0.5145083665847778,0.5359352231025696,0.02056589163839817,0.5170596241950989,0.5268566608428955,-0.25767982006073,-10.6024808883667,0.16896837949752808
7.02,0.001917156158015132,0.5135328769683838,0.5343325138092041,0.02056589163839817,0.5170596241950989,0.5268566608428955,-0.3136959373950958,-10.169330596923828,0.15857669711112976
7.04,-0.0020432788878679276,0.5127120614051819,0.5333827137947083,0.02056589163839817,0.5170596241950989,0.5268566608428955,-0.35186633467674255,-9.6597900390625,0.1786215752363205
7.06,-0.005345688667148352,0.5117732882499695,0.5324920415878296,0.02056589163839817,0.5170596241950989,0.5268566608428955,-0.38269877433776855,-9.070651054382324,0.20301447808742523
7.08,-0.007912829518318176,0.5108276605606079,0.5314440727233887,0.02056589163839817,0.5170596241950989,0.5268566608428955,-0.4542416036128998,-8.462676048278809,0.21372047066688538
7.1,-0.00527911027893424,0.5110398530960083,0.5300846695899963,0.007111227139830589,0.5127568244934082,0.5209505558013916,-0.4916079640388489,-7.936558246612549,0.10714798420667648
7.12,-0.00674868281930685,0.5102447271347046,0.5282413959503174,0.007111227139830589,0.5127568244934082,0.5209505558013916,-0.48723700642585754,-7.276864528656006,0.13236874341964722
7.14,-0.004647085443139076,0.5101437568664551,0.5269713401794434,0.005950428545475006,0.5122693777084351,0.5193439722061157,-0.495017945766449,-6.632926940917969,0.17029894888401031
7.16,-0.004399742931127548,0.5096508264541626,0.5240793228149414,0.005950428545475006,0.5122693777084351,0.5193439722061157,-0.49373412132263184,-5.9433064460754395,0.20641398429870605
7.18,-0.003976686391979456,0.5089734196662903,0.5231257081031799,0.005950428545475006,0.5122693777084351,0.5193439722061157,-0.47113147377967834,-5.173440933227539,0.23620793223381042
7.2,-0.003185846144333482,0.5085725784301758,0.5196232199668884,0.005950428545475006,0.5122693777084351,0.5193439722061157,-0.465439110994339,-4.448941230773926,0.2853729724884033
7.22,0.0004912171280011535,0.5085604786872864,0.5186290144920349,0.008748897351324558,0.5096780061721802,0.5145820379257202,-0.4603360891342163,-3.7314319610595703,0.18441566824913025
7.24,0.0021051359362900257,0.5079944133758545,0.5166865587234497,0.008748897351324558,0.5096780061721802,0.5145820379257202,-0.42803844809532166,-3.001523017883301,0.2241625338792801
7.26,0.005179114639759064,0.5079925060272217,0.5160380005836487,0.011625494807958603,0.5089650750160217,0.5139151811599731,-0.4577995538711548,-2.333930730819702,0.16609816253185272
7.28,0.007372486870735884,0.507663905620575,0.5146317481994629,0.011625494807958603,0.5089650750160217,0.5139151811599731,-0.44278186559677124,-1.6351547241210938,0.20557059347629547
7.3,0.00962864886969328,0.507548451423645,0.5143590569496155,0.011625494807958603,0.5089650750160217,0.5139151811599731,-0.4178277552127838,-0.9646927714347839,0.24961429834365845
7.32,0.013219797052443027,0.5074447989463806,0.5142919421195984,0.016605962067842484,0.5082566738128662,0.5151200890541077,-0.4127472937107086,-0.25206276774406433,0.2965904474258423
7.34,0.016380002722144127,0.507256269454956,0.5146725177764893,0.018598221242427826,0.5081182718276978,0.5149166584014893,-0.3377767503261566,0.3813633918762207,0.219469353556633
7.36,0.018649427220225334,0.5069759488105774,0.5149228572845459,0.018598221242427826,0.5081182718276978,0.5149166584014893,-0.2802715599536896,0.9161085486412048,0.2577114403247833
7.38,0.020709555596113205,0.5068759918212891,0.515745222568512,0.021788347512483597,0.5078238844871521,0.5162189602851868,-0.2624143064022064,1.4300552606582642,0.19621475040912628
7.4,0.022782204672694206,0.506798267364502,0.5162410140037537,0.021788347512483597,0.5078238844871521,0.5162189602851868,-0.22173935174942017,1.9021217823028564,0.23159319162368774
7.42,0.024730224162340164,0.5066354870796204,0.517837405204773,0.021788347512483597,0.5078238844871521,0.5162189602851868,-0.19062228500843048,2.2865514755249023,0.25436511635780334
7.44,0.026576217263936996,0.5066671967506409,0.5185555219650269,0.025187034159898758,0.507381021976471,0.5188435316085815,-0.14915356040000916,2.5587708950042725,0.32440537214279175
7.46,0.02790803276002407,0.5066920518875122,0.519676148891449,0.025187034159898758,0.507381021976471,0.5188435316085815,-0.15048809349536896,2.8579790592193604,0.3235161006450653
7.48,0.02956600859761238,0.506712019443512,0.5203964114189148,0.026590891182422638,0.5072793364524841,0.5204181671142578,-0.07802455127239227,3.0998518466949463,0.3603666126728058
7.5,0.030910653993487358,0.5064730048179626,0.5198270082473755,0.026590891182422638,0.5072793364524841,0.5204181671142578,-0.07053034007549286,3.2361719608306885,0.3742452561855316
7.52,0.031921930611133575,0.5063727498054504,0.5202593207359314,0.026590891182422638,0.5072793364524841,0.5204181671142578,-0.06395868211984634,3.330165386199951,0.3897474408149719
7.54,0.031426671892404556,0.5065299868583679,0.5207200050354004,0.026493960991501808,0.5073975920677185,0.5230903029441833,0.0005731103010475636,3.4095137119293213,0.2787150740623474
7.56,0.031625956296920776,0.5064364671707153,0.5215594172477722,0.026493960991501808,0.5073975920677185,0.5230903029441833,0.0662330836057663,3.422198534011841,0.3113628029823303
7.58,0.03187139704823494,0.5063425302505493,0.5218464732170105,0.026493960991501808,0.5073975920677185,0.5230903029441833,0.1108575314283371,3.3569414615631104,0.32599037885665894
7.6,0.029982227832078934,0.506360650062561,0.523418128490448,0.023887574672698975,0.5072691440582275,0.5245634317398071,0.10812561213970184,3.2384424209594727,0.22094246745109558
7.62,0.029436949640512466,0.5064549446105957,0.5237255096435547,0.023887574672698975,0.5072691440582275,0.5245634317398071,0.10476481914520264,3.0939154624938965,0.27677324414253235
7.64,0.026745285838842392,0.5065852999687195,0.5244562029838562,0.021191086620092392,0.5071854591369629,0.5244402885437012,0.08505146205425262,2.9806087017059326,0.3231930732727051
7.66,0.02421264350414276,0.5066136717796326,0.5247207880020142,0.0193672776222229,0.5070810317993164,0.524505615234375,0.10229433327913284,2.7742533683776855,0.3563881516456604
7.68,0.022137833759188652,0.5064735412597656,0.5242114663124084,0.0193672776222229,0.5070810317993164,0.524505615234375,0.15280650556087494,2.5337374210357666,0.35066792368888855
7.7,0.0195536520332098,0.5065903663635254,0.5243094563484192,0.015026296488940716,0.5069079399108887,0.524910569190979,0.1614050716161728,2.247563600540161,0.3856101930141449
7.72,0.01744139939546585,0.5064517855644226,0.5234306454658508,0.015026296488940716,0.5069079399108887,0.524910569190979,0.19643190503120422,1.909368872642517,0.3631057143211365
7.74,0.014002028852701187,0.506385862827301,0.5233781337738037,0.00925796665251255,0.506730318069458,0.52611243724823,0.17889563739299774,1.5633360147476196,0.23716112971305847
7.76,0.012135177850723267,0.5062924027442932,0.5232186913490295,0.00925796665251255,0.506730318069458,0.52611243724823,0.17568625509738922,1.190146803855896,0.2470940798521042
7.78,0.008556164801120758,0.506201446056366,0.5229894518852234,0.004193666856735945,0.5064799189567566,0.5246862769126892,0.18660157918930054,0.8087546229362488,0.27990660071372986
7.8,0.005785106681287289,0.5060537457466125,0.5227935314178467,0.004193666856735945,0.5064799189567566,0.5246862769126892,0.18480639159679413,0.38943448662757874,0.2736837863922119
7.82,0.003008764237165451,0.5060391426086426,0.5214883685112,0.004193666856735945,0.5064799189567566,0.5246862769126892,0.2076340615749359,0.06641630083322525,0.26148098707199097
7.84,0.00040222471579909325,0.5059289336204529,0.5212341547012329,0.004193666856735945,0.5064799189567566,0.5246862769126892,0.19138434529304504,-0.31941670179367065,0.2535908818244934
7.86,-0.004008010029792786,0.5056137442588806,0.521865963935852,-0.008161984384059906,0.5057281255722046,0.5244564414024353,0.1659563183784485,-0.6638194918632507,0.29728472232818604
7.88,-0.007625181693583727,0.5054578185081482,0.521885871887207,-0.011271342635154724,0.5055588483810425,0.5245991349220276,0.13217610120773315,-1.0027467012405396,0.33170467615127563
7.9,-0.010225042700767517,0.5052729249000549,0.5227201581001282,-0.011271342635154724,0.5055588483810425,0.5245991349220276,0.13760727643966675,-1.3037059307098389,0.3132304847240448
7.92,-0.012650514952838421,0.5050853490829468,0.5228551626205444,-0.011271342635154724,0.5055588483810425,0.5245991349220276,0.13746902346611023,-1.5867397785186768,0.2988486886024475
7.94,-0.01467813178896904,0.5049555897712708,0.5237988829612732,-0.011271342635154724,0.5055588483810425,0.5245991349220276,0.09314053505659103,-1.853916883468628,0.3295081555843353
7.96,-0.019140612334012985,0.5046290755271912,0.5240656137466431,-0.02266811579465866,0.504391074180603,0.5254487991333008,0.09489041566848755,-2.049933433532715,0.33615168929100037
7.98,-0.021262286230921745,0.5044366717338562,0.5242716670036316,-0.02266811579465866,0.504391074180603,0.5254487991333008,0.101981021463871,-2.288221836090088,0.31992751359939575
8.0,-0.02479911781847477,0.5040733814239502,0.5235354900360107,-0.02783174440264702,0.5037142634391785,0.5260007381439209,0.08344618231058121,-2.446451187133789,0.33891016244888306
8.02,-0.0273799616843462,0.5036579370498657,0.5237023234367371,-0.03063337504863739,0.5032236576080322,0.5270705819129944,0.06198194995522499,-2.6167285442352295,0.18942102789878845
8.04,-0.02958948351442814,0.5034310817718506,0.5234464406967163,-0.03443615511059761,0.5027580261230469,0.5264529585838318,0.03348531574010849,-2.7909610271453857,0.17842531204223633
8.06,-0.03244023397564888,0.5024138689041138,0.5235875248908997,-0.03443615511059761,0.5027580261230469,0.5264529585838318,0.6639221906661987,-2.8959579467773438,0.2517205476760864
8.08,-0.03390860930085182,0.5014722347259521,0.5256597399711609,-0.03443615511059761,0.5027580261230469,0.5264529585838318,3.158597469329834,-3.0060620307922363,0.28432729840278625
8.1,-0.03497641906142235,0.5013083219528198,0.52633136510849,-0.03443615511059761,0.5027580261230469,0.5264529585838318,6.194128036499023,-3.090052366256714,0.28890493512153625
8.12,-0.03685510531067848,0.5004604458808899,0.5283994674682617,-0.03979310393333435,0.49975836277008057,0.5277571678161621,8.65355396270752,-3.1783199310302734,0.1901579052209854
8.14,-0.037828315049409866,0.499171644449234,0.5292322039604187,-0.041398849338293076,0.49729830026626587,0.5288298726081848,10.400507926940918,-3.1661746501922607,0.27582019567489624
8.16,-0.039194256067276,0.4969433844089508,0.5338512659072876,-0.041398849338293076,0.49729830026626587,0.5288298726081848,11.698297500610352,-3.141087532043457,0.3457600176334381
8.18,-0.0396316833794117,0.49437645077705383,0.5347462296485901,-0.042793139815330505,0.49168330430984497,0.5299794673919678,12.850411415100098,-3.095884084701538,0.2940974831581116
8.2,-0.04071570560336113,0.49057310819625854,0.5352199077606201,-0.042793139815330505,0.49168330430984497,0.5299794673919678,13.940058708190918,-3.021347999572754,0.347380131483078
8.22,-0.04068010672926903,0.48602837324142456,0.5372510552406311,-0.042793139815330505,0.49168330430984497,0.5299794673919678,14.97110652923584,-2.9843084812164307,0.28175774216651917
8.24,-0.04130861908197403,0.4796487092971802,0.5369507074356079,-0.04460705444216728,0.4791651964187622,0.5268330574035645,15.822166442871094,-2.954493522644043,0.16174905002117157
8.26,-0.04126136749982834,0.47327589988708496,0.5378735065460205,-0.043583955615758896,0.47074025869369507,0.5288892388343811,16.3866024017334,-2.8273894786834717,0.23257580399513245
8.28,-0.04178105667233467,0.4654625952243805,0.5370499491691589,-0.043583955615758896,0.47074025869369507,0.5288892388343811,16.656883239746094,-2.671876907348633,0.2705625593662262
8.3,-0.041015543043613434,0.4567736089229584,0.5388103127479553,-0.043583955615758896,0.47074025869369507,0.5288892388343811,16.592126846313477,-2.56886887550354,0.21054743230342865
8.32,-0.040234118700027466,0.44674354791641235,0.5377736687660217,-0.04257291927933693,0.44515442848205566,0.5247977375984192,16.30169105529785,-2.475444793701172,0.16839972138404846
8.34,-0.04016107693314552,0.4362027645111084,0.5356665849685669,-0.04257291927933693,0.44515442848205566,0.5247977375984192,15.749176979064941,-2.2996368408203125,0.2147492915391922
8.36,-0.03941181302070618,0.4242490530014038,0.5340663194656372,-0.04257291927933693,0.44515442848205566,0.5247977375984192,15.06973934173584,-2.097688913345337,0.15319961309432983
8.38,-0.03934228792786598,0.41048040986061096,0.5308523774147034,-0.04336753115057945,0.4143967628479004,0.5123394727706909,14.130605697631836,-1.9830424785614014,0.024875614792108536
8.4,-0.03822822868824005,0.3964722454547882,0.5289000868797302,-0.04336753115057945,0.4143967628479004,0.5123394727706909,13.073385238647461,-1.8197389841079712,-0.01554768905043602
8.42,-0.03694598004221916,0.38154011964797974,0.5238473415374756,-0.04336753115057945,0.4143967628479004,0.5123394727706909,11.920690536499023,-1.6287058591842651,-0.028546003624796867
8.44,-0.035704031586647034,0.3658030033111572,0.5216566324234009,-0.037595849484205246,0.3688691258430481,0.5109550952911377,10.59207820892334,-1.4251548051834106,-0.07532268762588501
8.46,-0.0345199778676033,0.35001668334007263,0.5192753672599792,-0.036516591906547546,0.35346367955207825,0.5088523030281067,9.134529113769531,-1.2170631885528564,-0.0059144520200788975
8.48,-0.033395398408174515,0.3336346745491028,0.5126403570175171,-0.036516591906547546,0.35346367955207825,0.5088523030281067,7.673743724822998,-1.0019060373306274,0.026640510186553
8.5,-0.03215347230434418,0.31614214181900024,0.5107352137565613,-0.036516591906547546,0.35346367955207825,0.5088523030281067,6.141092777252197,-0.8436936140060425,0.008235151879489422
8.52,-0.030592115595936775,0.2980629801750183,0.5045283436775208,-0.036516591906547546,0.35346367955207825,0.5088523030281067,4.638872146606445,-0.6781344413757324,0.04750506952404976
8.54,-0.028968099504709244,0.27988648414611816,0.5030068755149841,-0.036516591906547546,0.35346367955207825,0.5088523030281067,3.0031890869140625,-0.5066341161727905,0.10160145908594131
8.56,-0.027072258293628693,0.2615637481212616,0.4969189465045929,-0.036516591906547546,0.35346367955207825,0.5088523030281067,1.4710716009140015,-0.3487119674682617,0.08478716760873795
8.58,-0.02536068484187126,0.2431660145521164,0.495862752199173,-0.029186703264713287,0.2528570592403412,0.5015962719917297,-0.06336044520139694,-0.17679232358932495,0.11816675215959549
8.6,-0.024514013901352882,0.22701816260814667,0.493635892868042,-0.029186703264713287,0.2528570592403412,0.5015962719917297,-1.5991251468658447,0.012300990521907806,0.17954494059085846
8.62,-0.024979788810014725,0.2097838819026947,0.49331212043762207,-0.030988313257694244,0.22336259484291077,0.49281224608421326,-3.0681490898132324,0.20853033661842346,0.036451805382966995
8.64,-0.02344423532485962,0.19179266691207886,0.4929017126560211,-0.025806451216340065,0.2025928497314453,0.5030279159545898,-4.404365539550781,0.3756472170352936,0.08557894080877304
8.66,-0.022457677870988846,0.17681807279586792,0.49362513422966003,-0.025806451216340065,0.2025928497314453,0.5030279159545898,-5.73020076751709,0.4616687297821045,0.13273541629314423
8.68,-0.020935161039233208,0.16079674661159515,0.49446213245391846,-0.025806451216340065,0.2025928497314453,0.5030279159545898,-6.96958065032959,0.5278827548027039,0.13223899900913239
8.7,-0.01940816082060337,0.14411945641040802,0.4977360665798187,-0.02286023646593094,0.15633894503116608,0.506951630115509,-8.000933647155762,0.6256665587425232,0.15588733553886414
8.72,-0.018753109499812126,0.1307012140750885,0.4993835687637329,-0.02286023646593094,0.15633894503116608,0.506951630115509,-8.890965461730957,0.7378714084625244,0.1784934103488922
8.74,-0.017514590173959732,0.1151915043592453,0.5038183927536011,-0.02286023646593094,0.15633894503116608,0.506951630115509,-9.679292678833008,0.8101335763931274,0.1935729682445526
8.76,-0.016283581033349037,0.10088960826396942,0.5055668950080872,-0.020484741777181625,0.115903839468956,0.5119441151618958,-10.35415267944336,0.855014443397522,0.18149401247501373
8.78,-0.016121404245495796,0.09032194316387177,0.5105379819869995,-0.019858159124851227,0.10389848053455353,0.513414204120636,-10.955497741699219,0.9347034096717834,0.2010144591331482
8.8,-0.01566145569086075,0.08029413968324661,0.5124660730361938,-0.019858159124851227,0.10389848053455353,0.513414204120636,-11.436858177185059,0.9826004505157471,0.19344036281108856
8.82,-0.01619546487927437,0.0700092613697052,0.5160453915596008,-0.021057235077023506,0.08458501100540161,0.5098403096199036,-11.749429702758789,1.0204641819000244,0.02020888961851597
8.84,-0.015349243767559528,0.05824677273631096,0.5177000164985657,-0.021057235077023506,0.08458501100540161,0.5098403096199036,-11.893318176269531,0.9744314551353455,-0.014658804051578045
8.86,-0.014190002344548702,0.04794607311487198,0.5197703838348389,-0.021057235077023506,0.08458501100540161,0.5098403096199036,-11.924171447753906,0.8540135622024536,-0.02453678473830223
8.88,-0.013506895862519741,0.038636863231658936,0.5208497643470764,-0.021057235077023506,0.08458501100540161,0.5098403096199036,-11.843059539794922,0.7623889446258545,-0.052632275968790054
8.9,-0.012781248427927494,0.029795173555612564,0.5216374397277832,-0.021057235077023506,0.08458501100540161,0.5098403096199036,-11.684703826904297,0.6734126806259155,-0.09633009880781174
8.92,-0.012090451084077358,0.021918045356869698,0.5225387215614319,-0.021057235077023506,0.08458501100540161,0.5098403096199036,-11.478348731994629,0.6014651656150818,-0.120050810277462
8.94,-0.011408264748752117,0.014542113989591599,0.5227886438369751,-0.021057235077023506,0.08458501100540161,0.5098403096199036,-11.232970237731934,0.5312455296516418,-0.14229194819927216
8.96,-0.01088814064860344,0.007951511070132256,0.5228520035743713,-0.021057235077023506,0.08458501100540161,0.5098403096199036,-10.920777320861816,0.4987182021141052,-0.17623980343341827
8.98,-0.01025477610528469,0.001983417198061943,0.5226789712905884,-0.021057235077023506,0.08458501100540161,0.5098403096199036,-10.568619728088379,0.434884250164032,-0.17323099076747894
9.0,-0.00994340144097805,-0.0031067747622728348,0.5213788151741028,-0.021057235077023506,0.08458501100540161,0.5098403096199036,-10.209558486938477,0.36678585410118103,-0.18133611977100372
9.02,-0.008887318894267082,-0.007193956524133682,0.5208481550216675,-0.021057235077023506,0.08458501100540161,0.5098403096199036,-9.808347702026367,0.3274366557598114,-0.17436543107032776
9.04,-0.008980939164757729,-0.008920521475374699,0.5186478495597839,-0.021057235077023506,0.08458501100540161,0.5098403096199036,-9.604201316833496,0.3479331135749817,-0.15704907476902008
9.06,-0.00878487341105938,-0.012117818929255009,0.5178085565567017,-0.021057235077023506,0.08458501100540161,0.5098403096199036,-9.115090370178223,0.3367554545402527,-0.12972234189510345
9.08,-0.008247577585279942,-0.013932768255472183,0.516184389591217,-0.021057235077023506,0.08458501100540161,0.5098403096199036,-8.643453598022461,0.29183587431907654,-0.11047497391700745
9.1,-0.008056755177676678,-0.014381533488631248,0.5153020620346069,-0.021057235077023506,0.08458501100540161,0.5098403096199036,-8.09230899810791,0.2650170922279358,-0.08398672938346863
9.12,-0.007737533655017614,-0.015183579176664352,0.5144945979118347,-0.021057235077023506,0.08458501100540161,0.5098403096199036,-7.491013050079346,0.24511685967445374,-0.080665722489357
9.14,-0.0070128245279192924,-0.014788682572543621,0.5116614699363708,-0.021057235077023506,0.08458501100540161,0.5098403096199036,-6.893708229064941,0.22206909954547882,-0.053323082625865936
9.16,-0.006342655513435602,-0.014549918472766876,0.5108973979949951,-0.021057235077023506,0.08458501100540161,0.5098403096199036,-6.2195611000061035,0.25121065974235535,-0.03916456922888756
9.18,-0.005948146339505911,-0.01330024003982544,0.5092630386352539,-0.021057235077023506,0.08458501100540161,0.5098403096199036,-5.562437057495117,0.22683840990066528,-0.02641502022743225
9.2,-0.005924742203205824,-0.01096214447170496,0.5087317824363708,-0.021057235077023506,0.08458501100540161,0.5098403096199036,-4.939831256866455,0.15578071773052216,-0.02591017261147499
9.22,-0.006350104697048664,-0.009457084350287914,0.5070534944534302,-0.021057235077023506,0.08458501100540161,0.5098403096199036,-4.236064910888672,0.1477985829114914,0.01566670835018158
9.24,-0.005716284736990929,-0.0071407947689294815,0.5067553520202637,-0.021057235077023506,0.08458501100540161,0.5098403096199036,-3.51259446144104,0.17483200132846832,0.04499634727835655
9.26,-0.005392344202846289,-0.0045343730598688126,0.506393551826477,-0.021057235077023506,0.08458501100540161,0.5098403096199036,-2.8284108638763428,0.1513921022415161,0.0886741429567337
9.28,-0.005635472945868969,-0.001638109446503222,0.5064098238945007,-0.021057235077023506,0.08458501100540161,0.5098403096199036,-2.189296245574951,0.12849394977092743,0.14122621715068817
9.3,-0.00541822100058198,0.0022460734471678734,0.5056154727935791,-0.021057235077023506,0.08458501100540161,0.5098403096199036,-1.5518503189086914,0.07721298933029175,0.17079569399356842
9.32,-0.005495903547853231,0.002838307060301304,0.5058115720748901,-0.021057235077023506,0.08458501100540161,0.5098403096199036,-0.8946054577827454,0.07585495710372925,0.19206534326076508
9.34,-0.0055826217867434025,0.005784838926047087,0.5061376690864563,-0.021057235077023506,0.08458501100540161,0.5098403096199036,-0.2821102738380432,0.09173300117254257,0.2249542623758316
9.36,-0.005591926164925098,0.01017510611563921,0.505589485168457,-0.021057235077023506,0.08458501100540161,0.5098403096199036,0.25983408093452454,0.11078037321567535,0.23278982937335968
9.38,-0.006809477228671312,0.013690938241779804,0.5059692859649658,-0.021057235077023506,0.08458501100540161,0.5098403096199036,0.7987675070762634,0.13571952283382416,0.21456412971019745
9.4,-0.006935360375791788,0.015729710459709167,0.5067354440689087,-0.021057235077023506,0.08458501100540161,0.5098403096199036,1.3313547372817993,0.11964992433786392,0.1998063623905182
9.42,-0.0073058512061834335,0.019031526520848274,0.5072426199913025,-0.021057235077023506,0.08458501100540161,0.5098403096199036,1.7568347454071045,0.10437601804733276,0.17112259566783905
9.44,-0.0070859696716070175,0.022574149072170258,0.5090430378913879,-0.021057235077023506,0.08458501100540161,0.5098403096199036,2.129511594772339,0.05673326179385185,0.1435735523700714
9.46,-0.006741174031049013,0.024788159877061844,0.5096991062164307,-0.021057235077023506,0.08458501100540161,0.5098403096199036,2.497282028198242,-0.010026460513472557,0.1390611231327057
9.48,-0.00720241479575634,0.027001580223441124,0.5113484859466553,-0.021057235077023506,0.08458501100540161,0.5098403096199036,2.815988302230835,-0.05364543944597244,0.10657244175672531
9.5,-0.008025508373975754,0.02983987145125866,0.5120772123336792,-0.021057235077023506,0.08458501100540161,0.5098403096199036,3.1046559810638428,-0.07396843284368515,0.07509332150220871
9.52,-0.007240346632897854,0.030618691816926003,0.5139645934104919,-0.021057235077023506,0.08458501100540161,0.5098403096199036,3.322535276412964,-0.075672946870327,0.06709036231040955
9.54,-0.006849802099168301,0.03326265886425972,0.5147131681442261,-0.021057235077023506,0.08458501100540161,0.5098403096199036,3.460271120071411,-0.11979721486568451,0.058171916753053665
9.56,-0.00730191171169281,0.03456684574484825,0.5153744220733643,-0.021057235077023506,0.08458501100540161,0.5098403096199036,3.595025062561035,-0.1889800727367401,0.047483187168836594
9.58,-0.006863863207399845,0.03624913841485977,0.5169002413749695,-0.021057235077023506,0.08458501100540161,0.5098403096199036,3.6639621257781982,-0.27432534098625183,0.03276854753494263
9.6,-0.008841912262141705,0.05976593866944313,0.5173932313919067,-0.009509295225143433,0.06770007312297821,0.515942394733429,3.5509328842163086,-0.29451045393943787,0.08138661086559296
9.62,-0.00899951346218586,0.0643027052283287,0.518329918384552,-0.009378083050251007,0.06809907406568527,0.5165437459945679,3.5403060913085938,-0.24275337159633636,0.11102255433797836
9.64,-0.00903109461069107,0.06664110720157623,0.5186956524848938,-0.009077543392777443,0.06821775436401367,0.516979455947876,3.636904001235962,-0.2304019033908844,0.1244463324546814
9.66,-0.008992088958621025,0.0678066685795784,0.5193455815315247,-0.008881621062755585,0.06807929277420044,0.517320990562439,3.873176336288452,-0.2900025546550751,0.1435154676437378
9.68,-0.008851773105561733,0.06849125027656555,0.5195654034614563,-0.0086124949157238,0.06762577593326569,0.5177685618400574,4.1881914138793945,-0.34537073969841003,0.14598657190799713
9.7,-0.008725509978830814,0.06893801689147949,0.5194727778434753,-0.0086124949157238,0.06762577593326569,0.5177685618400574,4.334250450134277,-0.43529143929481506,0.10678219050168991
9.72,-0.008639602921903133,0.06897306442260742,0.5195380449295044,-0.0086124949157238,0.06762577593326569,0.5177685618400574,4.339820861816406,-0.4823949337005615,0.07106972485780716
9.74,-0.008354630321264267,0.0676334947347641,0.5185614228248596,-0.007633376866579056,0.06438570469617844,0.5180531144142151,4.315878391265869,-0.4446460008621216,0.10351148247718811
9.76,-0.008223128505051136,0.06696069985628128,0.5183758735656738,-0.007633376866579056,0.06438570469617844,0.5180531144142151,4.207442760467529,-0.42879149317741394,0.0710747241973877
9.78,-0.007850592955946922,0.0644809901714325,0.5181106328964233,-0.00696733221411705,0.06048556789755821,0.517888069152832,4.139928340911865,-0.38699620962142944,0.08780433982610703
9.8,-0.0073795015923678875,0.06195547804236412,0.5174238681793213,-0.0065654125064611435,0.05809149891138077,0.5177781581878662,3.991699457168579,-0.3500976264476776,0.08789512515068054
9.82,-0.007035173941403627,0.05904541164636612,0.5170223712921143,-0.006523140240460634,0.05278702452778816,0.5156845450401306,3.7623207569122314,-0.3516710698604584,-0.0818726047873497
9.84,-0.006704944185912609,0.05648382380604744,0.516708493232727,-0.006523140240460634,0.05278702452778816,0.5156845450401306,3.4996418952941895,-0.2958128750324249,-0.1179102435708046
9.86,-0.006304827053099871,0.05442739278078079,0.5163831114768982,-0.006523140240460634,0.05278702452778816,0.5156845450401306,3.1316943168640137,-0.2713683545589447,-0.11944763362407684
9.88,-0.00577447609975934,0.051599834114313126,0.5168357491493225,-0.006523140240460634,0.05278702452778816,0.5156845450401306,2.780269145965576,-0.24514326453208923,-0.13025502860546112
9.9,-0.005521346814930439,0.0485830083489418,0.5166458487510681,-0.006523140240460634,0.05278702452778816,0.5156845450401306,2.386827230453491,-0.1947576105594635,-0.12313582748174667
9.92,-0.004834593273699284,0.04323655366897583,0.5159382820129395,-0.0038055884651839733,0.037708159536123276,0.5165276527404785,1.999345064163208,-0.12119149416685104,-0.04974009469151497
9.94,-0.004146949853748083,0.03823956474661827,0.5157779455184937,-0.0033093858510255814,0.03348173946142197,0.5161682963371277,1.6117528676986694,-0.06344881653785706,-0.021686140447854996
9.96,-0.003548102220520377,0.03468569368124008,0.5143143534660339,-0.0033093858510255814,0.03348173946142197,0.5161682963371277,1.1623538732528687,-0.018255798146128654,-0.03494953364133835
9.98,-0.0030226330272853374,0.029714083299040794,0.5141085982322693,-0.0022602323442697525,0.02476545050740242,0.5159727931022644,0.7343096733093262,0.03828161582350731,0.0004911578143946826
10.0,-0.002507406985387206,0.025908032432198524,0.5138760805130005,-0.0022602323442697525,0.02476545050740242,0.5159727931022644,0.2271624505519867,0.07652885466814041,-0.01824313774704933
10.02,-0.0016926234820857644,0.02036864124238491,0.5122455954551697,-0.001214317511767149,0.015747983008623123,0.5158106088638306,-0.23986969888210297,0.10182859003543854,-0.03918270021677017
10.04,-0.0012740363599732518,0.014490783214569092,0.5120186805725098,-0.0013094139285385609,0.007343406789004803,0.513280987739563,-0.6179787516593933,0.1476093977689743,-0.19655781984329224
10.06,-0.000782036513555795,0.010707534849643707,0.5122587084770203,-0.0013094139285385609,0.007343406789004803,0.513280987739563,-1.0878716707229614,0.19764891266822815,-0.19097144901752472
10.08,-0.00034949471591971815,0.006953024305403233,0.5121877193450928,-0.0013094139285385609,0.007343406789004803,0.513280987739563,-1.5590468645095825,0.27011314034461975,-0.20348204672336578
10.1,-4.702600108430488e-06,0.0030493331141769886,0.5114582180976868,-0.0013094139285385609,0.007343406789004803,0.513280987739563,-1.9698443412780762,0.3145465850830078,-0.2305830717086792
10.12,0.0007913331501185894,-0.0009572765557095408,0.5099886655807495,-0.0013094139285385609,0.007343406789004803,0.513280987739563,-2.3277347087860107,0.290836364030838,-0.25605320930480957
10.14,0.0014098315732553601,-0.004856484942138195,0.5074451565742493,-0.0013094139285385609,0.007343406789004803,0.513280987739563,-2.5845212936401367,0.18522341549396515,-0.2705996036529541
10.16,0.0020040851086378098,-0.008586631156504154,0.5029040575027466,-0.0013094139285385609,0.007343406789004803,0.513280987739563,-2.818621873855591,0.071444071829319,-0.3251723051071167
10.18,0.002573315752670169,-0.012307862751185894,0.4974212050437927,-0.0013094139285385609,0.007343406789004803,0.513280987739563,-3.035336494445801,-0.015696734189987183,-0.3504073917865753
10.2,0.0030581813771277666,-0.016398636624217033,0.4891473650932312,-0.0013094139285385609,0.007343406789004803,0.513280987739563,-3.239797592163086,-0.07284123450517654,-0.369424432516098
10.22,0.0037899648305028677,-0.019895050674676895,0.47884711623191833,-0.0013094139285385609,0.007343406789004803,0.513280987739563,-3.45768666267395,-0.11880002170801163,-0.3984571397304535
10.24,0.004350970033556223,-0.023388763889670372,0.4694027304649353,0.0017282171174883842,-0.03183043748140335,0.4653133749961853,-3.641904592514038,-0.10982216894626617,-0.407602995634079
10.26,0.004233258310705423,-0.02848970703780651,0.45537272095680237,0.0018826010636985302,-0.034949541091918945,0.4504396319389343,-3.782346725463867,-0.0693829357624054,-0.42899343371391296
10.28,0.0036129928193986416,-0.0321747362613678,0.439975768327713,0.0020003332756459713,-0.037878021597862244,0.4337952136993408,-3.9445791244506836,0.011953165754675865,-0.43217265605926514
10.3,0.0028019549790769815,-0.035505298525094986,0.42239734530448914,0.002165728248655796,-0.04080823063850403,0.4153516888618469,-4.138309478759766,0.15296274423599243,-0.4206726849079132
10.32,0.002731013810262084,-0.039096616208553314,0.40188488364219666,0.0024195746518671513,-0.04353602975606918,0.3958333730697632,-4.279270172119141,0.2326808124780655,-0.4056239426136017
10.34,0.002749884035438299,-0.039902541786432266,0.3816485106945038,0.0026937206275761127,-0.04620172083377838,0.37515395879745483,-4.590707778930664,0.2742573022842407,-0.41257473826408386
10.36,0.00303918425925076,-0.041196174919605255,0.3627435863018036,0.0026937206275761127,-0.04620172083377838,0.37515395879745483,-4.823537826538086,0.3050551414489746,-0.3872438669204712
10.38,0.0034723831340670586,-0.045024026185274124,0.3409675359725952,0.006226121913641691,-0.053816311061382294,0.34196406602859497,-4.919814586639404,0.35596978664398193,-0.49557042121887207
10.4,0.0031339977867901325,-0.04646391421556473,0.32103773951530457,0.006226121913641691,-0.053816311061382294,0.34196406602859497,-4.912297248840332,0.45895785093307495,-0.46610212326049805
10.42,0.002470794366672635,-0.04625248536467552,0.301146537065506,0.004474954213947058,-0.05429705232381821,0.2925511300563812,-4.937262535095215,0.5059645175933838,-0.4164641499519348
10.44,0.0016619019443169236,-0.04898751899600029,0.28213387727737427,0.004987814929336309,-0.05561750754714012,0.2731713056564331,-4.803128719329834,0.6336838603019714,-0.3618767261505127
10.46,0.0013489247066900134,-0.050302017480134964,0.2656599283218384,0.004987814929336309,-0.05561750754714012,0.2731713056564331,-4.650981426239014,0.6183760762214661,-0.3493225574493408
10.48,0.004465986508876085,-0.0507613942027092,0.24885118007659912,0.004987814929336309,-0.05561750754714012,0.2731713056564331,-4.468747615814209,0.36779603362083435,-0.3254077732563019
10.5,-0.0028761045541614294,-0.052506476640701294,0.23155514895915985,0.004987814929336309,-0.05561750754714012,0.2731713056564331,-4.1405205726623535,0.6224920153617859,-0.299911230802536
10.52,-0.0037856362760066986,-0.051583271473646164,0.21658846735954285,0.004987814929336309,-0.05561750754714012,0.2731713056564331,-3.887118101119995,0.536835789680481,-0.24512003362178802
10.54,-0.007365333382040262,-0.049445394426584244,0.19873929023742676,0.004987814929336309,-0.05561750754714012,0.2731713056564331,-3.754138469696045,0.5584322810173035,-0.2070748507976532
10.56,-0.0069481367245316505,-0.04881184548139572,0.18525032699108124,0.004987814929336309,-0.05561750754714012,0.2731713056564331,-3.5230154991149902,0.2754295766353607,-0.16716358065605164
10.58,-0.00695624016225338,-0.045448366552591324,0.1739049255847931,0.004987814929336309,-0.05561750754714012,0.2731713056564331,-3.2457828521728516,0.02837791107594967,-0.13690020143985748
10.6,-0.004524590447545052,-0.049022428691387177,0.1622195839881897,0.011120215989649296,-0.05672592297196388,0.160335510969162,-2.8225035667419434,-0.23107363283634186,-0.24485711753368378
10.62,-0.0038580435793846846,-0.05262216553092003,0.15057389438152313,0.011120215989649296,-0.05672592297196388,0.160335510969162,-2.2236855030059814,-0.4377750754356384,-0.19763734936714172
10.64,-0.013063392601907253,-0.05958569422364235,0.14042799174785614,0.0112741244956851,-0.05194394290447235,0.1332380324602127,-1.5474506616592407,-0.24452868103981018,-0.12400580942630768
10.66,-0.007823841646313667,-0.0562986321747303,0.1306828111410141,0.0112741244956851,-0.05194394290447235,0.1332380324602127,-1.3455036878585815,-0.4228178858757019,-0.07672689855098724
10.68,-0.007274662144482136,-0.05445430427789688,0.11842401325702667,0.0112741244956851,-0.05194394290447235,0.1332380324602127,-1.424839973449707,-0.5992144346237183,-0.03842310979962349
10.7,-0.0054288143292069435,-0.051817234605550766,0.10945245623588562,0.0112741244956851,-0.05194394290447235,0.1332380324602127,-1.5690385103225708,-0.901114821434021,-0.014671462588012218
10.72,-0.0010981885716319084,-0.049015190452337265,0.10297670215368271,0.015922028571367264,-0.046522799879312515,0.10208699107170105,-1.524188756942749,-1.0520049333572388,-0.13447487354278564
10.74,-0.0007339607691392303,-0.04739673063158989,0.09531226009130478,0.016559388488531113,-0.042714376002550125,0.09015919268131256,-1.4402387142181396,-1.0549639463424683,-0.06433866173028946
10.76,0.0020332064013928175,-0.044243186712265015,0.08780774474143982,0.017815448343753815,-0.04052751511335373,0.08305299282073975,-1.3580365180969238,-0.9876747727394104,4.8701531341066584e-05
10.78,0.005464914720505476,-0.04110923409461975,0.08096353709697723,0.017815448343753815,-0.04052751511335373,0.08305299282073975,-1.231402039527893,-0.90619957447052,0.03128930181264877
10.8,0.00892346166074276,-0.038223154842853546,0.07581008970737457,0.020693346858024597,-0.03768462687730789,0.07378329336643219,-1.037938117980957,-0.7215091586112976,-0.04121283069252968
10.82,0.009707877412438393,-0.03823656216263771,0.07046317309141159,0.022094199433922768,-0.03524674475193024,0.06785178184509277,-0.6700417995452881,-0.3770917057991028,-0.10878581553697586
10.841,0.011070266366004944,-0.04048224538564682,0.06551334261894226,0.02349282056093216,-0.03128844499588013,0.059164583683013916,-0.14276224374771118,-0.08580803126096725,-0.05611627176403999
10.86,0.014670686796307564,-0.03501966968178749,0.0603913739323616,0.02349282056093216,-0.03128844499588013,0.059164583683013916,-0.13453660905361176,0.23578329384326935,0.006475992500782013
10.88,0.017206763848662376,-0.031707681715488434,0.05576717481017113,0.02349282056093216,-0.03128844499588013,0.059164583683013916,-0.11629338562488556,0.4801652133464813,0.03113989718258381
10.9,0.019541170448064804,-0.02764088287949562,0.0495418980717659,0.02349282056093216,-0.03128844499588013,0.059164583683013916,-0.19896745681762695,0.6208199262619019,0.028031935915350914
10.92,0.021467681974172592,-0.024166546761989594,0.045392975211143494,0.02349282056093216,-0.03128844499588013,0.059164583683013916,-0.12159168720245361,0.7414282560348511,0.03534870967268944
10.94,0.024988660588860512,-0.019943254068493843,0.0384502038359642,0.030273685231804848,-0.020579934120178223,0.040654122829437256,0.00037306887679733336,0.9126121401786804,-0.09330214560031891
10.96,0.027319926768541336,-0.01601087674498558,0.034522026777267456,0.0314582921564579,-0.01700015552341938,0.035071998834609985,0.2282288670539856,1.236693263053894,-0.10100723057985306
10.98,0.03017975203692913,-0.01130579225718975,0.02857760153710842,0.0314582921564579,-0.01700015552341938,0.035071998834609985,0.46600255370140076,1.569204568862915,-0.0920431911945343
11.0,0.03261115029454231,-0.007413669489324093,0.025029342621564865,0.0314582921564579,-0.01700015552341938,0.035071998834609985,0.8230046033859253,1.8658257722854614,-0.07131924480199814
11.02,0.034200217574834824,-0.002936950419098139,0.018288159742951393,0.0314582921564579,-0.01700015552341938,0.035071998834609985,1.1196361780166626,2.1377034187316895,-0.067825086414814
11.04,0.03504829853773117,0.0015662708319723606,0.014972112141549587,0.0314582921564579,-0.01700015552341938,0.035071998834609985,1.365135908126831,2.4596941471099854,-0.09062045812606812
