lighthouse.x_x,lighthouse.x_y,lighthouse.y_x,lighthouse.y_y,lighthouse.z_x,lighthouse.z_y,stateEstimate.x_x,stateEstimate.x_y,stateEstimate.y_x,stateEstimate.y_y,stateEstimate.z_x,stateEstimate.z_y
70123.,0.,70123.,0.,70123.,0.,70123.,-0.1525240391,70123.,0.229897514,70123.,0.0183184016
70133.,0.,70133.,0.,70133.,0.,70133.,-0.1525200009,70133.,0.2293883562,70133.,0.0183198657
70143.,0.,70143.,0.,70143.,0.,70143.,-0.1522614062,70143.,0.2284104824,70143.,0.0177895594
70153.,0.,70153.,0.,70153.,0.,70153.,-0.1525286883,70153.,0.2296103537,70153.,0.0177619215
70163.,0.,70163.,0.,70163.,0.,70163.,-0.1527723968,70163.,0.2300624251,70163.,0.0177264605
70173.,0.,70173.,0.,70173.,0.,70173.,-0.1518222094,70173.,0.2300679684,70173.,0.0176963843
70183.,0.,70183.,0.,70183.,0.,70183.,-0.1522988975,70183.,0.2302919775,70183.,0.0181977041
70193.,0.,70193.,0.,70193.,0.,70193.,-0.1520489901,70193.,0.229821384,70193.,0.0181982275
70203.,0.,70203.,0.,70203.,0.,70203.,-0.1524950415,70203.,0.2293442488,70203.,0.0181994922
70213.,0.,70213.,0.,70213.,0.,70213.,-0.15251939,70213.,0.2302581519,70213.,0.0182017609
70223.,0.,70223.,0.,70223.,0.,70223.,-0.1524766982,70223.,0.2284092754,70223.,0.0182206314
70233.,0.,70233.,0.,70233.,0.,70233.,-0.1529289633,70233.,0.2284166366,70233.,0.0185436942
70243.,0.,70243.,0.,70243.,0.,70243.,-0.1529574096,70243.,0.2288666517,70243.,0.0185674801
70253.,0.,70253.,0.,70253.,0.,70253.,-0.1529481858,70253.,0.2291106433,70253.,0.0185886789
70263.,0.,70263.,0.,70263.,0.,70263.,-0.1527236253,70263.,0.2288783342,70263.,0.0186111629
70273.,0.,70273.,0.,70273.,0.,70273.,-0.1527236104,70273.,0.2291227877,70273.,0.0199975558
70283.,0.,70283.,0.,70283.,0.,70283.,-0.1516069025,70283.,0.2298191488,70283.,0.0200951193
70293.,0.,70293.,0.,70293.,0.,70293.,-0.1518298686,70293.,0.2284589708,70293.,0.0202030409
70303.,0.,70303.,0.,70303.,0.,70303.,-0.1524969637,70303.,0.2295813411,70303.,0.0203174949
70313.,0.,70313.,0.,70313.,0.,70313.,-0.1525035352,70313.,0.2297955155,70313.,0.0202465933
70323.,0.,70323.,0.,70323.,0.,70323.,-0.1516318172,70323.,0.2298059016,70323.,0.0203351397
70333.,0.,70333.,0.,70333.,0.,70333.,-0.1520642340,70333.,0.2302534729,70333.,0.0204287544
70343.,0.,70343.,0.,70343.,0.,70343.,-0.1522884965,70343.,0.2297963351,70343.,0.0205293559
70353.,0.,70353.,0.,70353.,0.,70353.,-0.1520527601,70353.,0.2293742746,70353.,0.0206270386
70363.,0.,70363.,0.,70363.,0.,70363.,-0.1526974589,70363.,0.2293719798,70363.,0.0208787452
70373.,0.,70373.,0.,70373.,0.,70373.,-0.1520690471,70373.,0.2300288528,70373.,0.0209903792
70383.,0.,70383.,0.,70383.,0.,70383.,-0.1520374715,70383.,0.2300457060,70383.,0.0210998561
70393.,0.,70393.,0.,70393.,0.,70393.,-0.1525103599,70393.,0.2300283462,70393.,0.0212133545
70403.,0.,70403.,0.,70403.,0.,70403.,-0.1524889916,70403.,0.2293442935,70403.,0.0207921248
70413.,0.,70413.,0.,70413.,0.,70413.,-0.1522454172,70413.,0.2289027572,70413.,0.0208747257
70423.,0.,70423.,0.,70423.,0.,70423.,-0.1527369767,70423.,0.2300124913,70423.,0.0209706351
70433.,0.,70433.,0.,70433.,0.,70433.,-0.1524815857,70433.,0.2293599844,70433.,0.0210609939
70443.,0.,70443.,0.,70443.,0.,70443.,-0.1524743438,70443.,0.229329139,70443.,0.0211502537
70453.,0.,70453.,0.,70453.,0.,70453.,-0.152955249,70453.,0.2293210328,70453.,0.0211804882
70463.,0.,70463.,0.,70463.,0.,70463.,-0.1527047604,70463.,0.2302917689,70463.,0.0212724935
70473.,0.,70473.,0.,70473.,0.,70473.,-0.1527354717,70473.,0.2297955304,70473.,0.0213683378
70483.,0.,70483.,0.,70483.,0.,70483.,-0.1527188718,70483.,0.2300442308,70483.,0.0214629378
70493.,0.,70493.,0.,70493.,0.,70493.,-0.1522573382,70493.,0.2298078984,70493.,0.0205860846
70503.,0.,70503.,0.,70503.,0.,70503.,-0.1522367001,70503.,0.2297991663,70503.,0.0206348095
70513.,0.,70513.,0.,70513.,0.,70513.,-0.1521968544,70513.,0.2288712114,70513.,0.0206848942
70523.,0.,70523.,0.,70523.,0.,70523.,-0.1522358209,70523.,0.2290937603,70523.,0.0207399521
70533.,0.,70533.,0.,70533.,0.,70533.,-0.1524832249,70533.,0.2305089980,70533.,0.0204872377
70543.,0.,70543.,0.,70543.,0.,70543.,-0.1512548029,70543.,0.2269756943,70543.,0.0205391534
70553.,0.,70553.,0.,70553.,0.,70553.,-0.1527350843,70553.,0.2302423269,70553.,0.0206628367
70563.,0.,70563.,0.,70563.,0.,70563.,-0.1517797559,70563.,0.2300418317,70563.,0.0207108110
70573.,0.,70573.,0.,70573.,0.,70573.,-0.1522551179,70573.,0.2302528471,70573.,0.0207557213
70583.,0.,70583.,0.,70583.,0.,70583.,-0.1524615437,70583.,0.2288483530,70583.,0.0193017777
70613.,0.,70613.,0.,70613.,0.,70613.,-0.1524418294,70613.,0.2284152061,70613.,0.0192142986
70623.,0.,70623.,0.,70623.,0.,70623.,-0.15246135,70623.,0.2293223143,70623.,0.0191094372
70653.,0.,70653.,0.,70653.,0.,70653.,-0.1520083547,70653.,0.2293287218,70653.,0.0190186221
70683.,0.,70683.,0.,70683.,0.,70683.,-0.1526835859,70683.,0.2302143574,70683.,0.0185307935
70693.,0.,70693.,0.,70693.,0.,70693.,-0.1526978761,70693.,0.2302211821,70693.,0.018481141
70703.,0.,70703.,0.,70703.,0.,70703.,-0.1524518430,70703.,0.2290564179,70703.,0.0184419136
70713.,0.,70713.,0.,70713.,0.,70713.,-0.1522410363,70713.,0.2299872786,70713.,0.0186281316
70723.,0.,70723.,0.,70723.,0.,70723.,-0.1526903361,70723.,0.2297579944,70723.,0.0186004452
70733.,0.,70733.,0.,70733.,0.,70733.,-0.1522375345,70733.,0.2288471013,70733.,0.0185730066
70743.,0.,70743.,0.,70743.,0.,70743.,-0.1522496641,70743.,0.2297658920,70743.,0.0185528174
70753.,0.,70753.,0.,70753.,0.,70753.,-0.1522526741,70753.,0.2299830467,70753.,0.0183171909
70763.,0.,70763.,0.,70763.,0.,70763.,-0.1522482634,70763.,0.2299713343,70763.,0.0182840228
70773.,0.,70773.,0.,70773.,0.,70773.,-0.1524576098,70773.,0.2294332087,70773.,0.0182551369
70783.,0.,70783.,0.,70783.,0.,70783.,-0.1529710591,70783.,0.2298847139,70783.,0.0182266403
70823.,0.,70823.,0.,70823.,0.,70823.,-0.1524928212,70823.,0.2301157564,70823.,0.0180597417
70853.,0.,70853.,0.,70853.,0.,70853.,-0.1518620104,70853.,0.2298331559,70853.,0.0167088285
70863.,0.,70863.,0.,70863.,0.,70863.,-0.151595071,70863.,0.2298295945,70863.,0.0165927652
70873.,0.,70873.,0.,70873.,0.,70873.,-0.1527034789,70873.,0.2286629081,70873.,0.0164920334
70883.,0.,70883.,0.,70883.,0.,70883.,-0.1527438015,70883.,0.2298221737,70883.,0.0185097419
70903.,0.,70903.,0.,70903.,0.,70903.,-0.1533667594,70903.,0.224472791,70903.,0.018525837
70913.,0.,70913.,0.,70913.,0.,70913.,-0.1534179598,70913.,0.2264437079,70913.,0.0185776111
70923.,0.,70923.,0.,70923.,0.,70923.,-0.1527219415,70923.,0.2244738787,70923.,0.0185674261
70933.,0.,70933.,0.,70933.,0.,70933.,-0.1522939652,70933.,0.2267329991,70933.,0.0191644039
70943.,0.,70943.,0.,70943.,0.,70943.,-0.1520314515,70943.,0.2256291509,70943.,0.0191865936
70953.,0.,70953.,0.,70953.,0.,70953.,-0.1524748355,70953.,0.2249851674,70953.,0.0191997718
70963.,0.,70963.,0.,70963.,0.,70963.,-0.1522747427,70963.,0.2249827236,70963.,0.0192157812
71023.,0.,71023.,0.,71023.,0.,71023.,-0.1518334299,71023.,0.2249021828,71023.,0.0197877605
71033.,0.,71033.,0.,71033.,0.,71033.,-0.1524432749,71033.,0.2252609283,71033.,0.0198284648
71083.,0.,71083.,0.,71083.,0.,71083.,-0.1515522003,71083.,0.22697258,71083.,0.0214785356
71183.,0.,71183.,0.,71183.,0.,71183.,-0.1526836306,71183.,0.2191443294,71183.,0.0209458172
71213.,0.,71213.,0.,71213.,0.,71213.,-0.1530105919,71213.,0.2231374234,71213.,0.0135855451
71283.,0.,71283.,0.,71283.,0.,71283.,-0.1420368552,71283.,0.2137813270,71283.,0.0092291525
71313.,0.,71313.,0.,71313.,0.,71313.,-0.1425839663,71313.,0.2070168406,71313.,0.0145942550
71343.,0.,71343.,0.,71343.,0.,71343.,-0.1433831751,71343.,0.2083712667,71343.,0.0188598242
71353.,0.,71353.,0.,71353.,0.,71353.,-0.1415333748,71353.,0.2069934756,71353.,0.0219077282
71413.,0.,71413.,0.,71413.,0.,71413.,-0.1393310726,71413.,0.2052063495,71413.,0.0574004687
71433.,0.,71433.,0.,71433.,0.,71433.,-0.1387874335,71433.,0.2022912353,71433.,0.0680566505
71473.,0.,71473.,0.,71473.,0.,71473.,-0.1387621760,71473.,0.2001136541,71473.,0.0998620614
71483.,0.,71483.,0.,71483.,0.,71483.,-0.137525335,71483.,0.1993611753,71483.,0.106061399
71493.,0.,71493.,0.,71493.,0.,71493.,-0.1382677704,71493.,0.1996401697,71493.,0.1123036817
71503.,0.,71503.,0.,71503.,0.,71503.,-0.1381156445,71503.,0.2013850510,71503.,0.1227085143
71513.,0.,71513.,0.,71513.,0.,71513.,-0.1392218769,71513.,0.2007913738,71513.,0.1290862411
71523.,0.,71523.,0.,71523.,0.,71523.,-0.1389901340,71523.,0.2011464685,71523.,0.1354200542
71533.,0.,71533.,0.,71533.,0.,71533.,-0.1389414668,71533.,0.2016431242,71533.,0.1416876763
71543.,0.,71543.,0.,71543.,0.,71543.,-0.1384654045,71543.,0.2040648907,71543.,0.1494777948
71553.,0.,71553.,0.,71553.,0.,71553.,-0.1391089261,71553.,0.2045497447,71553.,0.1556818336
71633.,0.,71633.,0.,71633.,0.,71633.,-0.1403830647,71633.,0.2031110525,71633.,0.2015783787
71643.,0.,71643.,0.,71643.,0.,71643.,-0.1410571337,71643.,0.2037507892,71643.,0.2068431526
71703.,0.,71703.,0.,71703.,0.,71703.,-0.1451962739,71703.,0.2032677829,71703.,0.2374115884
71783.,0.,71783.,0.,71783.,0.,71783.,-0.1534724534,71783.,0.2083324492,71783.,0.272936821
71793.,0.,71793.,0.,71793.,0.,71793.,-0.1538945884,71793.,0.2087632567,71793.,0.2770876288
71803.,0.,71803.,0.,71803.,0.,71803.,-0.1554823667,71803.,0.2100994289,71803.,0.2811556756
71813.,0.,71813.,0.,71813.,0.,71813.,-0.1560924500,71813.,0.2102568597,71813.,0.2855292559
71823.,0.,71823.,0.,71823.,0.,71823.,-0.1581943780,71823.,0.2113852054,71823.,0.2895017862
71833.,0.,71833.,0.,71833.,0.,71833.,-0.1591172218,71833.,0.212037921,71833.,0.2934221923
71843.,0.,71843.,0.,71843.,0.,71843.,-0.1610884219,71843.,0.2132615894,71843.,0.2972689867
71853.,0.,71853.,0.,71853.,0.,71853.,-0.1614874899,71853.,0.2134733349,71853.,0.2998283505
71863.,0.,71863.,0.,71863.,0.,71863.,-0.1630203277,71863.,0.214813754,71863.,0.3034985662
71873.,0.,71873.,0.,71873.,0.,71873.,-0.1636524647,71873.,0.2155724764,71873.,0.3071230054
71883.,0.,71883.,0.,71883.,0.,71883.,-0.1646056622,71883.,0.2168320417,71883.,0.3106918335
71893.,0.,71893.,0.,71893.,0.,71893.,-0.1658194214,71893.,0.2175401896,71893.,0.3142156601
71903.,0.,71903.,0.,71903.,0.,71903.,-0.1673234552,71903.,0.2191630006,71903.,0.3176046312
71913.,0.,71913.,0.,71913.,0.,71913.,-0.1679675281,71913.,0.2199690491,71913.,0.3210407197
71923.,0.,71923.,0.,71923.,0.,71923.,-0.1689961106,71923.,0.2210449278,71923.,0.3244331181
71933.,0.,71933.,0.,71933.,0.,71933.,-0.1697084308,71933.,0.221781835,71933.,0.3277893662
71943.,0.,71943.,0.,71943.,0.,71943.,-0.1713479161,71943.,0.2234344929,71943.,0.3315823674
71953.,0.,71953.,0.,71953.,0.,71953.,-0.172028482,71953.,0.2242075503,71953.,0.3348858953
71963.,0.,71963.,0.,71963.,0.,71963.,-0.1724061221,71963.,0.2249467224,71963.,0.3381428421
71973.,0.,71973.,0.,71973.,0.,71973.,-0.1737340689,71973.,0.2257645875,71973.,0.3413479328
71983.,0.,71983.,0.,71983.,0.,71983.,-0.1744249314,71983.,0.2269935161,71983.,0.3444982469
71993.,0.,71993.,0.,71993.,0.,71993.,-0.1755699962,71993.,0.2288286835,71993.,0.348634094
72003.,0.,72003.,0.,72003.,0.,72003.,-0.1763653904,72003.,0.2292103469,72003.,0.3517412543
72013.,0.,72013.,0.,72013.,0.,72013.,-0.1778095514,72013.,0.2309657782,72013.,0.354803443
72023.,0.,72023.,0.,72023.,0.,72023.,-0.1786085963,72023.,0.2315941155,72023.,0.3578268588
72033.,0.,72033.,0.,72033.,0.,72033.,-0.1793670803,72033.,0.2323871106,72033.,0.3620624244
72043.,0.,72043.,0.,72043.,0.,72043.,-0.1801562756,72043.,0.2339528650,72043.,0.3650358915
72053.,0.,72053.,0.,72053.,0.,72053.,-0.1809523255,72053.,0.234800905,72053.,0.3679580092
72063.,0.,72063.,0.,72063.,0.,72063.,-0.1813748926,72063.,0.235679552,72063.,0.3708307743
72073.,0.,72073.,0.,72073.,0.,72073.,-0.1826340109,72073.,0.2372695357,72073.,0.3729376495
72083.,0.,72083.,0.,72083.,0.,72083.,-0.1830228269,72083.,0.2378550023,72083.,0.3756699860
72093.,0.,72093.,0.,72093.,0.,72093.,-0.1834848225,72093.,0.2387110293,72093.,0.3783498108
72103.,0.,72103.,0.,72103.,0.,72103.,-0.1839085668,72103.,0.2396276295,72103.,0.3809781075
72113.,0.,72113.,0.,72113.,0.,72113.,-0.1842864007,72113.,0.2405794412,72113.,0.3835526407
72123.,0.,72123.,0.,72123.,0.,72123.,-0.1842869967,72123.,0.2410735786,72123.,0.383784622
72133.,0.,72133.,0.,72133.,0.,72133.,-0.1851830333,72133.,0.2422791719,72133.,0.3861406744
72143.,0.,72143.,0.,72143.,0.,72143.,-0.1860461980,72143.,0.2426683605,72143.,0.3884462118
72153.,0.,72153.,0.,72153.,0.,72153.,-0.1860888153,72153.,0.2435886562,72153.,0.3907023370
72163.,0.,72163.,0.,72163.,0.,72163.,-0.1860117763,72163.,0.2440579385,72163.,0.392636776
72173.,0.,72173.,0.,72173.,0.,72173.,-0.1864521950,72173.,0.2450581491,72173.,0.3948026299
72183.,0.,72183.,0.,72183.,0.,72183.,-0.1869210899,72183.,0.2455969453,72183.,0.3969419301
72193.,0.,72193.,0.,72193.,0.,72193.,-0.1869179606,72193.,0.2460819781,72193.,0.3990549445
72203.,0.,72203.,0.,72203.,0.,72203.,-0.1879500896,72203.,0.2475083023,72203.,0.3999034762
72213.,0.,72213.,0.,72213.,0.,72213.,-0.1878796071,72213.,0.2479010820,72213.,0.4019063711
72223.,0.,72223.,0.,72223.,0.,72223.,-0.1872457266,72223.,0.2489629686,72223.,0.4038884044
72233.,0.,72233.,0.,72233.,0.,72233.,-0.1877110302,72233.,0.2495106459,72233.,0.4058560729
72243.,0.,72243.,0.,72243.,0.,72243.,-0.1882148534,72243.,0.250600189,72243.,0.4078142643
72253.,0.,72253.,0.,72253.,0.,72253.,-0.1879941970,72253.,0.2508961558,72253.,0.4102337658
72263.,0.,72263.,0.,72263.,0.,72263.,-0.1880238652,72263.,0.2516147494,72263.,0.412188828
72273.,0.,72273.,0.,72273.,0.,72273.,-0.1890672892,72273.,0.2522080839,72273.,0.4141368866
72283.,0.,72283.,0.,72283.,0.,72283.,-0.1890495270,72283.,0.2528218627,72283.,0.4160803556
72293.,0.,72293.,0.,72293.,0.,72293.,-0.1879595220,72293.,0.2527977526,72293.,0.4191589653
72303.,0.,72303.,0.,72303.,0.,72303.,-0.1891175956,72303.,0.2527602911,72303.,0.4211528003
72313.,0.,72313.,0.,72313.,0.,72313.,-0.1886283755,72313.,0.2533382177,72313.,0.4231358767
72323.,0.,72323.,0.,72323.,0.,72323.,-0.1893328130,72323.,0.2534019649,72323.,0.4251110256
72333.,0.,72333.,0.,72333.,0.,72333.,-0.1882672161,72333.,0.2533112466,72333.,0.4270679355
72343.,0.,72343.,0.,72343.,0.,72343.,-0.1883129179,72343.,0.2545135021,72343.,0.4285687804
72353.,0.,72353.,0.,72353.,0.,72353.,-0.188355431,72353.,0.2540123463,72353.,0.4304670095
72363.,0.,72363.,0.,72363.,0.,72363.,-0.1878832132,72363.,0.2546702325,72363.,0.4323464334
72383.,0.,72383.,0.,72383.,0.,72383.,-0.1879449189,72383.,0.2549274862,72383.,0.4368700683
72393.,0.,72393.,0.,72393.,0.,72393.,-0.1881688535,72393.,0.2524443865,72393.,0.4387068748
72403.,0.,72403.,0.,72403.,0.,72403.,-0.1876296103,72403.,0.2526082695,72403.,0.4405175745
72413.,0.,72413.,0.,72413.,0.,72413.,-0.1884077787,72413.,0.2559294105,72413.,0.4423094094
72423.,0.,72423.,0.,72423.,0.,72423.,-0.1884931028,72423.,0.2554796934,72423.,0.4436382949
72433.,0.,72433.,0.,72433.,0.,72433.,-0.1881779730,72433.,0.2530815899,72433.,0.445332408
72443.,0.,72443.,0.,72443.,0.,72443.,-0.1910232455,72443.,0.257904619,72443.,0.4470045269
72453.,0.,72453.,0.,72453.,0.,72453.,-0.1923268735,72453.,0.2580620050,72453.,0.448640883
72463.,0.,72463.,0.,72463.,0.,72463.,-0.1916706264,72463.,0.2583090961,72463.,0.4502439797
72473.,0.,72473.,0.,72473.,0.,72473.,-0.1911612451,72473.,0.2581254244,72473.,0.4513012469
72483.,0.,72483.,0.,72483.,0.,72483.,-0.1906223297,72483.,0.2579109073,72483.,0.4528045058
72493.,0.,72493.,0.,72493.,0.,72493.,-0.1900678277,72493.,0.2576750219,72493.,0.4542753100
72503.,0.,72503.,0.,72503.,0.,72503.,-0.1897858083,72503.,0.2567632794,72503.,0.4557207227
72513.,0.,72513.,0.,72513.,0.,72513.,-0.1889068633,72513.,0.2566710711,72513.,0.4584640265
72523.,0.,72523.,0.,72523.,0.,72523.,-0.1883035600,72523.,0.2563619614,72523.,0.4599393606
72533.,0.,72533.,0.,72533.,0.,72533.,-0.1875308901,72533.,0.2565149069,72533.,0.4613920152
72543.,0.,72543.,0.,72543.,0.,72543.,-0.1867348105,72543.,0.2551496625,72543.,0.4628228843
72553.,0.,72553.,0.,72553.,0.,72553.,-0.1860785931,72553.,0.2547688782,72553.,0.464237988
72563.,0.,72563.,0.,72563.,0.,72563.,-0.1855463535,72563.,0.2548389137,72563.,0.4655333161
72573.,0.,72573.,0.,72573.,0.,72573.,-0.1848643124,72573.,0.2544313669,72573.,0.466904372
72583.,0.,72583.,0.,72583.,0.,72583.,-0.1849654913,72583.,0.2538482547,72583.,0.4682576656
72593.,0.,72593.,0.,72593.,0.,72593.,-0.1843459457,72593.,0.2531407773,72593.,0.4695924520
72603.,0.,72603.,0.,72603.,0.,72603.,-0.1826420426,72603.,0.2509447932,72603.,0.4714811146
72613.,0.,72613.,0.,72613.,0.,72613.,-0.1819087118,72613.,0.2504262030,72613.,0.4728099704
72623.,0.,72623.,0.,72623.,0.,72623.,-0.1822004616,72623.,0.2515496016,72623.,0.4741240144
72633.,0.,72633.,0.,72633.,0.,72633.,-0.1824474782,72633.,0.2493688762,72633.,0.4754108787
72653.,0.,72653.,0.,72653.,0.,72653.,-0.181228146,72653.,0.2511135042,72653.,0.4767757654
72703.,0.,72703.,0.,72703.,0.,72703.,-0.1852911264,72703.,0.2513713837,72703.,0.4831182063
72763.,0.,72763.,0.,72763.,0.,72763.,-0.1778301001,72763.,0.2463420928,72763.,0.4884807169
72803.,0.,72803.,0.,72803.,0.,72803.,-0.17369923,72803.,0.2422813177,72803.,0.4911504388
72813.,0.,72813.,0.,72813.,0.,72813.,-0.1726489961,72813.,0.2423873395,72813.,0.4920152426
72823.,0.,72823.,0.,72823.,0.,72823.,-0.1731303781,72823.,0.2438828945,72823.,0.4920713603
72833.,0.,72833.,0.,72833.,0.,72833.,-0.1734832674,72833.,0.2434921861,72833.,0.4928857684
72873.,0.,72873.,0.,72873.,0.,72873.,-0.1725225896,72873.,0.2388169169,72873.,0.4951592982
72913.,0.,72913.,0.,72913.,0.,72913.,-0.1683999896,72913.,0.2370014936,72913.,0.4992339611
72943.,0.,72943.,0.,72943.,0.,72943.,-0.1680761874,72943.,0.2358596772,72943.,0.5017626882
72953.,0.,72953.,0.,72953.,0.,72953.,-0.1671504676,72953.,0.2362781465,72953.,0.5027100444
73003.,0.,73003.,0.,73003.,0.,73003.,-0.163658008,73003.,0.2313914448,73003.,0.5069400072
73013.,0.,73013.,0.,73013.,0.,73013.,-0.1627598405,73013.,0.2318123728,73013.,0.5077838898
73053.,0.,73053.,0.,73053.,0.,73053.,-0.1613945812,73053.,0.2307785153,73053.,0.5109005570
73103.,0.,73103.,0.,73103.,0.,73103.,-0.1578199118,73103.,0.2262965441,73103.,0.5155186653
73123.,0.,73123.,0.,73123.,0.,73123.,-0.1588304192,73123.,0.2274219394,73123.,0.5171108842
73153.,0.,73153.,0.,73153.,0.,73153.,-0.1575728357,73153.,0.2262602597,73153.,0.5192211270
73213.,0.,73213.,0.,73213.,0.,73213.,-0.1493444592,73213.,0.2241192162,73213.,0.5241162181
73223.,0.,73223.,0.,73223.,0.,73223.,-0.1487850994,73223.,0.2242269814,73223.,0.523431778
73233.,0.,73233.,0.,73233.,0.,73233.,-0.1483767182,73233.,0.2240884751,73233.,0.5239807367
73243.,0.,73243.,0.,73243.,0.,73243.,-0.1484200656,73243.,0.2225089818,73243.,0.5245144367
73253.,0.,73253.,0.,73253.,0.,73253.,-0.1478288025,73253.,0.2239670157,73253.,0.5250347853
73263.,0.,73263.,0.,73263.,0.,73263.,-0.1464864612,73263.,0.2228866965,73263.,0.5238876343
73273.,0.,73273.,0.,73273.,0.,73273.,-0.1464864612,73273.,0.2228866965,73273.,0.5238876343
73283.,0.,73283.,0.,73283.,0.,73283.,-0.1461218446,73283.,0.2227889150,73283.,0.5242973566
73293.,0.,73293.,0.,73293.,0.,73293.,-0.1457723975,73293.,0.2227047384,73293.,0.5246989131
73313.,0.,73313.,0.,73313.,0.,73313.,-0.1451197118,73313.,0.2225760370,73313.,0.5254464149
73353.,0.,73353.,0.,73353.,0.,73353.,-0.1449672431,73353.,0.2234236449,73353.,0.5282335877
73363.,0.,73363.,0.,73363.,0.,73363.,-0.1447324306,73363.,0.2234443724,73363.,0.5287380219
73373.,0.,73373.,0.,73373.,0.,73373.,-0.1469165981,73373.,0.2235420346,73373.,0.5292556286
73383.,0.,73383.,0.,73383.,0.,73383.,-0.146740526,73383.,0.2235864997,73383.,0.5297834277
73393.,0.,73393.,0.,73393.,0.,73393.,-0.1453904212,73393.,0.2247152925,73393.,0.5313500762
73403.,0.,73403.,0.,73403.,0.,73403.,-0.1452121139,73403.,0.2247992754,73403.,0.5319544077
73413.,0.,73413.,0.,73413.,0.,73413.,-0.1464904547,73413.,0.2242912352,73413.,0.532563746
73423.,0.,73423.,0.,73423.,0.,73423.,-0.1447167397,73423.,0.2271619290,73423.,0.5331782699
73433.,0.,73433.,0.,73433.,0.,73433.,-0.1457467675,73433.,0.226788342,73433.,0.5337951183
73443.,0.,73443.,0.,73443.,0.,73443.,-0.1447697133,73443.,0.227718398,73443.,0.5338414907
73453.,0.,73453.,0.,73453.,0.,73453.,-0.1457598507,73453.,0.2282588631,73453.,0.5344048738
73463.,0.,73463.,0.,73463.,0.,73463.,-0.1451968998,73463.,0.2278365493,73463.,0.5349538922
73473.,0.,73473.,0.,73473.,0.,73473.,-0.1487808973,73473.,0.2273629308,73473.,0.5354899168
73483.,0.,73483.,0.,73483.,0.,73483.,-0.148954019,73483.,0.2268990129,73483.,0.5360064507
73493.,0.,73493.,0.,73493.,0.,73493.,-0.1503410488,73493.,0.2292199284,73493.,0.5365151763
73503.,0.,73503.,0.,73503.,0.,73503.,-0.150204286,73503.,0.2294310182,73503.,0.5370131135
73513.,0.,73513.,0.,73513.,0.,73513.,-0.1496924907,73513.,0.2287813425,73513.,0.5374954343
73523.,0.,73523.,0.,73523.,0.,73523.,-0.1501474380,73523.,0.2277893573,73523.,0.5390903354
73533.,0.,73533.,0.,73533.,0.,73533.,-0.1478530318,73533.,0.2305219471,73533.,0.5396040678
73543.,0.,73543.,0.,73543.,0.,73543.,-0.145553425,73543.,0.22975263,73543.,0.5401114225
73553.,0.,73553.,0.,73553.,0.,73553.,-0.1477512717,73553.,0.2319805473,73553.,0.5406143665
73563.,0.,73563.,0.,73563.,0.,73563.,-0.1511962861,73563.,0.2312752008,73563.,0.5411095023
73573.,0.,73573.,0.,73573.,0.,73573.,-0.1498589367,73573.,0.2306604236,73573.,0.5413552523
73583.,0.,73583.,0.,73583.,0.,73583.,-0.1486713290,73583.,0.2312799394,73583.,0.5418018103
73593.,0.,73593.,0.,73593.,0.,73593.,-0.1486423761,73593.,0.2309036553,73593.,0.5422371626
73603.,0.,73603.,0.,73603.,0.,73603.,-0.1503455043,73603.,0.2304834127,73603.,0.5426670909
73613.,0.,73613.,0.,73613.,0.,73613.,-0.1489595026,73613.,0.2313167602,73613.,0.5441846251
73623.,0.,73623.,0.,73623.,0.,73623.,-0.1474868506,73623.,0.2307306379,73623.,0.5446535349
73633.,0.,73633.,0.,73633.,0.,73633.,-0.1473690122,73633.,0.2301351279,73633.,0.5451099277
73643.,0.,73643.,0.,73643.,0.,73643.,-0.1474561542,73643.,0.2296112478,73643.,0.5455482006
73653.,0.,73653.,0.,73653.,0.,73653.,-0.1432041824,73653.,0.2308316827,73653.,0.545958221
73663.,0.,73663.,0.,73663.,0.,73663.,-0.1482332647,73663.,0.2319133282,73663.,0.5474217534
73673.,0.,73673.,0.,73673.,0.,73673.,-0.1454137713,73673.,0.2316481620,73673.,0.5478646159
73683.,0.,73683.,0.,73683.,0.,73683.,-0.1440929919,73683.,0.2318195105,73683.,0.5482931137
73693.,0.,73693.,0.,73693.,0.,73693.,-0.1447056234,73693.,0.2314944863,73693.,0.5487072468
73703.,0.,73703.,0.,73703.,0.,73703.,-0.1422338635,73703.,0.2312552333,73703.,0.5509294868
73713.,0.,73713.,0.,73713.,0.,73713.,-0.139980644,73713.,0.2313959748,73713.,0.5513985157
73723.,0.,73723.,0.,73723.,0.,73723.,-0.1394088417,73723.,0.2326559573,73723.,0.5518525839
73733.,0.,73733.,0.,73733.,0.,73733.,-0.1376600564,73733.,0.2325217426,73733.,0.5522790551
73743.,0.,73743.,0.,73743.,0.,73743.,-0.1331102699,73743.,0.2327763885,73743.,0.554581821
73753.,0.,73753.,0.,73753.,0.,73753.,-0.1353620291,73753.,0.2324385792,73753.,0.5545912385
73763.,0.,73763.,0.,73763.,0.,73763.,-0.1303366423,73763.,0.2326684296,73763.,0.5554094911
73773.,0.,73773.,0.,73773.,0.,73773.,-0.1294457912,73773.,0.2324173301,73773.,0.5554044843
73783.,0.,73783.,0.,73783.,0.,73783.,-0.1237029582,73783.,0.2326148599,73783.,0.5561059713
73793.,0.,73793.,0.,73793.,0.,73793.,-0.1221938729,73793.,0.2323254198,73793.,0.5572521091
73803.,0.,73803.,0.,73803.,0.,73803.,-0.1156906411,73803.,0.2324884236,73803.,0.5579254031
73863.,0.,73863.,0.,73863.,0.,73863.,-0.0973796993,73863.,0.2316742539,73863.,0.5582442284
73913.,0.,73913.,0.,73913.,0.,73913.,-0.0758846849,73913.,0.2325206697,73913.,0.5589596033
73943.,0.,73943.,0.,73943.,0.,73943.,-0.0570758507,73943.,0.2320265621,73943.,0.5567228794
73963.,0.,73963.,0.,73963.,0.,73963.,-0.0451687202,73963.,0.2317230105,73963.,0.5533685684
73973.,0.,73973.,0.,73973.,0.,73973.,-0.0402309373,73973.,0.2292850465,73973.,0.5530189276
73983.,0.,73983.,0.,73983.,0.,73983.,-0.0322449505,73983.,0.2297081649,73983.,0.5526614189
73993.,0.,73993.,0.,73993.,0.,73993.,-0.0248601623,73993.,0.2303652167,73993.,0.5523253679
74003.,0.,74003.,0.,74003.,0.,74003.,-0.0149972988,74003.,0.2315250933,74003.,0.5519929528
74013.,0.,74013.,0.,74013.,0.,74013.,-0.0181844775,74013.,0.2321625054,74013.,0.5478457808
74023.,0.,74023.,0.,74023.,0.,74023.,-0.0175746419,74023.,0.2323945016,74023.,0.5474238396
74033.,0.,74033.,0.,74033.,0.,74033.,-0.0056796405,74033.,0.2329168767,74033.,0.5469667912
74043.,0.,74043.,0.,74043.,0.,74043.,-0.0073157707,74043.,0.2315988541,74043.,0.5466566086
74053.,0.,74053.,0.,74053.,0.,74053.,0.0093446523,74053.,0.2309682369,74053.,0.5438359976
74063.,0.,74063.,0.,74063.,0.,74063.,0.0083335759,74063.,0.2326609939,74063.,0.5434877872
74093.,0.,74093.,0.,74093.,0.,74093.,0.0317118056,74093.,0.2299608588,74093.,0.5427246094
74123.,0.,74123.,0.,74123.,0.,74123.,0.0490176529,74123.,0.2250894308,74123.,0.5393478870
74173.,0.,74173.,0.,74173.,0.,74173.,0.0933375657,74173.,0.2251889259,74173.,0.5371893048
74183.,0.,74183.,0.,74183.,0.,74183.,0.0947917178,74183.,0.2244797349,74183.,0.5357866287
74193.,0.,74193.,0.,74193.,0.,74193.,0.0931955203,74193.,0.2246649265,74193.,0.5360785127
74253.,0.,74253.,0.,74253.,0.,74253.,0.1399979889,74253.,0.2223409563,74253.,0.5390785933
74263.,0.,74263.,0.,74263.,0.,74263.,0.1528099924,74263.,0.2209483534,74263.,0.5397226214
74323.,0.,74323.,0.,74323.,0.,74323.,0.1868271828,74323.,0.2187342793,74323.,0.5500129461
74343.,0.,74343.,0.,74343.,0.,74343.,0.1962955296,74343.,0.2177576274,74343.,0.5520465374
74353.,0.,74353.,0.,74353.,0.,74353.,0.1965898871,74353.,0.2180738300,74353.,0.5530423522
74383.,0.,74383.,0.,74383.,0.,74383.,0.2158955932,74383.,0.2177886218,74383.,0.558351934
74403.,0.,74403.,0.,74403.,0.,74403.,0.2217705548,74403.,0.2181880623,74403.,0.5642582178
74413.,0.,74413.,0.,74413.,0.,74413.,0.2337300777,74413.,0.2165186107,74413.,0.5653157234
74423.,0.,74423.,0.,74423.,0.,74423.,0.2358815521,74423.,0.2166959792,74423.,0.5663195848
74433.,0.,74433.,0.,74433.,0.,74433.,0.2397693098,74433.,0.216658026,74433.,0.567252636
74443.,0.,74443.,0.,74443.,0.,74443.,0.2479171753,74443.,0.2167552263,74443.,0.5681152344
74453.,0.,74453.,0.,74453.,0.,74453.,0.2534389794,74453.,0.2165113539,74453.,0.5708864927
74463.,0.,74463.,0.,74463.,0.,74463.,0.2533253431,74463.,0.2165473998,74463.,0.5717086792
74473.,0.,74473.,0.,74473.,0.,74473.,0.2629726827,74473.,0.2163704783,74473.,0.5724540949
74483.,0.,74483.,0.,74483.,0.,74483.,0.2647237778,74483.,0.2152015418,74483.,0.5731259584
74493.,0.,74493.,0.,74493.,0.,74493.,0.2698099613,74493.,0.2152594924,74493.,0.5730170012
74503.,0.,74503.,0.,74503.,0.,74503.,0.2708896995,74503.,0.2155318558,74503.,0.5734906793
74513.,0.,74513.,0.,74513.,0.,74513.,0.2745669186,74513.,0.2137897313,74513.,0.5738879442
74523.,0.,74523.,0.,74523.,0.,74523.,0.2802551985,74523.,0.2138834149,74523.,0.5742096305
74533.,0.,74533.,0.,74533.,0.,74533.,0.2829599679,74533.,0.2126062065,74533.,0.5738798976
74563.,0.,74563.,0.,74563.,0.,74563.,0.2904042006,74563.,0.2121009678,74563.,0.5741737485
74613.,0.,74613.,0.,74613.,0.,74613.,0.3040288687,74613.,0.2113106698,74613.,0.5723238587
74623.,0.,74623.,0.,74623.,0.,74623.,0.3098738492,74623.,0.2109809518,74623.,0.5716838241
74653.,0.,74653.,0.,74653.,0.,74653.,0.3103360534,74653.,0.2093728483,74653.,0.5708752275
74723.,0.,74723.,0.,74723.,0.,74723.,0.3237801194,74723.,0.2075495124,74723.,0.5666508079
74733.,0.,74733.,0.,74733.,0.,74733.,0.3231369257,74733.,0.206178546,74733.,0.5663055778
74743.,0.,74743.,0.,74743.,0.,74743.,0.3259296715,74743.,0.2046078444,74743.,0.5659757257
74753.,0.,74753.,0.,74753.,0.,74753.,0.3237640262,74753.,0.2050733119,74753.,0.5638431311
74763.,0.,74763.,0.,74763.,0.,74763.,0.3249013722,74763.,0.2051705718,74763.,0.5634493828
74783.,0.,74783.,0.,74783.,0.,74783.,0.3254885972,74783.,0.2050829977,74783.,0.5627480149
74823.,0.,74823.,0.,74823.,0.,74823.,0.3266187310,74823.,0.2014342546,74823.,0.5580930114
74843.,0.,74843.,0.,74843.,0.,74843.,0.3267972767,74843.,0.1996270865,74843.,0.5576990247
74893.,0.,74893.,0.,74893.,0.,74893.,0.3191041052,74893.,0.1987586915,74893.,0.5579169393
74903.,0.,74903.,0.,74903.,0.,74903.,0.3175060749,74903.,0.1991203278,74903.,0.5580007434
74913.,0.,74913.,0.,74913.,0.,74913.,0.3175568581,74913.,0.1993206143,74913.,0.5581228137
74923.,0.,74923.,0.,74923.,0.,74923.,0.3088167608,74923.,0.1976289004,74923.,0.5582706928
74933.,0.,74933.,0.,74933.,0.,74933.,0.3086032271,74933.,0.197770983,74933.,0.5570928454
74943.,0.,74943.,0.,74943.,0.,74943.,0.3068498075,74943.,0.19804658,74943.,0.5572269559
74953.,0.,74953.,0.,74953.,0.,74953.,0.3067063093,74953.,0.1975679845,74953.,0.5573782921
74963.,0.,74963.,0.,74963.,0.,74963.,0.3062245548,74963.,0.1974474788,74963.,0.5575442314
74973.,0.,74973.,0.,74973.,0.,74973.,0.3077843785,74973.,0.1976316124,74973.,0.5574492812
74983.,0.,74983.,0.,74983.,0.,74983.,0.3076046109,74983.,0.1979080886,74983.,0.5576221347
74993.,0.,74993.,0.,74993.,0.,74993.,0.3076743782,74993.,0.1973883957,74993.,0.5578086972
75003.,0.,75003.,0.,75003.,0.,75003.,0.2989191711,75003.,0.1969661117,75003.,0.5579993725
75023.,0.,75023.,0.,75023.,0.,75023.,0.2977761328,75023.,0.1968743801,75023.,0.558639884
75073.,0.,75073.,0.,75073.,0.,75073.,0.3019895256,75073.,0.1971369237,75073.,0.5607975721
75093.,0.,75093.,0.,75093.,0.,75093.,0.3010020256,75093.,0.1959426850,75093.,0.5613896847
75143.,0.,75143.,0.,75143.,0.,75143.,0.2986270487,75143.,0.2006436139,75143.,0.5651323199
75153.,0.,75153.,0.,75153.,0.,75153.,0.3006573617,75153.,0.1997316629,75153.,0.5656727552
75163.,0.,75163.,0.,75163.,0.,75163.,0.3008766472,75163.,0.2002156228,75163.,0.5659909844
75173.,0.,75173.,0.,75173.,0.,75173.,0.2993828356,75173.,0.2017029971,75173.,0.5662788749
75183.,0.,75183.,0.,75183.,0.,75183.,0.3009439409,75183.,0.2025348693,75183.,0.5665327907
75193.,0.,75193.,0.,75193.,0.,75193.,0.3027431667,75193.,0.2034759074,75193.,0.5687365532
75203.,0.,75203.,0.,75203.,0.,75203.,0.3031425476,75203.,0.2040288448,75203.,0.5690450668
75213.,0.,75213.,0.,75213.,0.,75213.,0.3043555915,75213.,0.2053771168,75213.,0.5693281293
75223.,0.,75223.,0.,75223.,0.,75223.,0.3035464585,75223.,0.2064674944,75223.,0.5695874095
75233.,0.,75233.,0.,75233.,0.,75233.,0.3062077165,75233.,0.2055545151,75233.,0.5698223114
75243.,0.,75243.,0.,75243.,0.,75243.,0.3053494692,75243.,0.2061491311,75243.,0.5701079369
75253.,0.,75253.,0.,75253.,0.,75253.,0.3069572151,75253.,0.2047672868,75253.,0.5703048110
75263.,0.,75263.,0.,75263.,0.,75263.,0.3054140210,75263.,0.2075882554,75263.,0.5704786181
75273.,0.,75273.,0.,75273.,0.,75273.,0.3075440526,75273.,0.2062591761,75273.,0.5706253648
75283.,0.,75283.,0.,75283.,0.,75283.,0.3141734004,75283.,0.205263868,75283.,0.5704527497
75293.,0.,75293.,0.,75293.,0.,75293.,0.3158389628,75293.,0.2062630951,75293.,0.5705394149
75303.,0.,75303.,0.,75303.,0.,75303.,0.3146714568,75303.,0.2070214301,75303.,0.5706117153
75313.,0.,75313.,0.,75313.,0.,75313.,0.3162539005,75313.,0.2081200033,75313.,0.5706644654
75323.,0.,75323.,0.,75323.,0.,75323.,0.3176696599,75323.,0.2074768841,75323.,0.571192801
75333.,0.,75333.,0.,75333.,0.,75333.,0.3187816143,75333.,0.2083653659,75333.,0.5712420940
75343.,0.,75343.,0.,75343.,0.,75343.,0.3179483116,75343.,0.2093088627,75343.,0.5712834001
75353.,0.,75353.,0.,75353.,0.,75353.,0.3206665814,75353.,0.2104040086,75353.,0.5713041425
75363.,0.,75363.,0.,75363.,0.,75363.,0.3247452080,75363.,0.2114038318,75363.,0.5713123083
75373.,0.,75373.,0.,75373.,0.,75373.,0.3274804354,75373.,0.2110247612,75373.,0.5711875558
75383.,0.,75383.,0.,75383.,0.,75383.,0.3268153369,75383.,0.2106022239,75383.,0.5711731911
75393.,0.,75393.,0.,75393.,0.,75393.,0.3293176889,75393.,0.2117364407,75393.,0.5711485147
75423.,0.,75423.,0.,75423.,0.,75423.,0.3361018002,75423.,0.2126023024,75423.,0.5701963305
75443.,0.,75443.,0.,75443.,0.,75443.,0.3386556506,75443.,0.2119030207,75443.,0.5700152516
75453.,0.,75453.,0.,75453.,0.,75453.,0.3409470022,75453.,0.2130955905,75453.,0.569922328
75463.,0.,75463.,0.,75463.,0.,75463.,0.3476605117,75463.,0.2126006037,75463.,0.5702590346
75473.,0.,75473.,0.,75473.,0.,75473.,0.3516418636,75473.,0.2125204653,75473.,0.5701860189
75483.,0.,75483.,0.,75483.,0.,75483.,0.3530369103,75483.,0.2129967958,75483.,0.5701144934
75493.,0.,75493.,0.,75493.,0.,75493.,0.3564092517,75493.,0.2125943005,75493.,0.5700395107
75503.,0.,75503.,0.,75503.,0.,75503.,0.3552292287,75503.,0.2120680511,75503.,0.56998384
75513.,0.,75513.,0.,75513.,0.,75513.,0.3619097173,75513.,0.2119903862,75513.,0.5699174404
75523.,0.,75523.,0.,75523.,0.,75523.,0.3604408205,75523.,0.2121249437,75523.,0.5698625445
75533.,0.,75533.,0.,75533.,0.,75533.,0.3637119532,75533.,0.2120211720,75533.,0.5698079467
75543.,0.,75543.,0.,75543.,0.,75543.,0.361854136,75543.,0.2135530859,75543.,0.5702431798
75553.,0.,75553.,0.,75553.,0.,75553.,0.3622532189,75553.,0.2137731165,75553.,0.5702297688
75583.,0.,75583.,0.,75583.,0.,75583.,0.3724228144,75583.,0.2137810737,75583.,0.5701749325
75593.,0.,75593.,0.,75593.,0.,75593.,0.373052001,75593.,0.2137721926,75593.,0.5696794391
75613.,0.,75613.,0.,75613.,0.,75613.,0.3748959303,75613.,0.2122764289,75613.,0.5695619583
75723.,0.,75723.,0.,75723.,0.,75723.,0.3939283788,75723.,0.2135106176,75723.,0.5683445334
75733.,0.,75733.,0.,75733.,0.,75733.,0.3965037465,75733.,0.2138303220,75733.,0.5682918429
75743.,0.,75743.,0.,75743.,0.,75743.,0.3960880339,75743.,0.2124727815,75743.,0.5682364702
75753.,0.,75753.,0.,75753.,0.,75753.,0.3968712091,75753.,0.2124137729,75753.,0.5681787729
75763.,0.,75763.,0.,75763.,0.,75763.,0.3991327584,75763.,0.2127145529,75763.,0.5684551001
75773.,0.,75773.,0.,75773.,0.,75773.,0.4006468654,75773.,0.2127607912,75773.,0.5684135556
75783.,0.,75783.,0.,75783.,0.,75783.,0.4003384709,75783.,0.2115555108,75783.,0.5683698654
75793.,0.,75793.,0.,75793.,0.,75793.,0.4002802670,75793.,0.2105008662,75793.,0.5683262348
75803.,0.,75803.,0.,75803.,0.,75803.,0.4004917443,75803.,0.2106721401,75803.,0.5682853460
75823.,0.,75823.,0.,75823.,0.,75823.,0.4008507729,75823.,0.2110191137,75823.,0.5664482117
75833.,0.,75833.,0.,75833.,0.,75833.,0.4008727074,75833.,0.2111988515,75833.,0.5663167238
75893.,0.,75893.,0.,75893.,0.,75893.,0.4001564682,75893.,0.2073926479,75893.,0.5665584803
75903.,0.,75903.,0.,75903.,0.,75903.,0.4014733732,75903.,0.2063722759,75903.,0.5671018362
75913.,0.,75913.,0.,75913.,0.,75913.,0.3995077312,75913.,0.2071447521,75913.,0.5671076775
75923.,0.,75923.,0.,75923.,0.,75923.,0.4010099173,75923.,0.2064524293,75923.,0.5671268106
75933.,0.,75933.,0.,75933.,0.,75933.,0.4004870057,75933.,0.2066040337,75933.,0.5671516061
75943.,0.,75943.,0.,75943.,0.,75943.,0.4005115628,75943.,0.2070964724,75943.,0.5659284592
75953.,0.,75953.,0.,75953.,0.,75953.,0.4008422196,75953.,0.205821991,75953.,0.5659061670
75963.,0.,75963.,0.,75963.,0.,75963.,0.3994503319,75963.,0.2060475349,75963.,0.5658817887
75973.,0.,75973.,0.,75973.,0.,75973.,0.3987489939,75973.,0.2062251121,75973.,0.565856874
75983.,0.,75983.,0.,75983.,0.,75983.,0.3974027634,75983.,0.2049332857,75983.,0.5655159950
75993.,0.,75993.,0.,75993.,0.,75993.,0.3961055279,75993.,0.2061216682,75993.,0.5654702187
76003.,0.,76003.,0.,76003.,0.,76003.,0.3952638805,76003.,0.2063287944,76003.,0.5654212832
76103.,0.,76103.,0.,76103.,0.,76103.,0.3854269981,76103.,0.2050978839,76103.,0.5642986298
76123.,0.,76123.,0.,76123.,0.,76123.,0.3806826770,76123.,0.2059218436,76123.,0.5640503764
76183.,0.,76183.,0.,76183.,0.,76183.,0.3795574903,76183.,0.2076786011,76183.,0.5637937188
76203.,0.,76203.,0.,76203.,0.,76203.,0.3769522905,76203.,0.2093979418,76203.,0.5626882911
76233.,0.,76233.,0.,76233.,0.,76233.,0.3723588586,76233.,0.2118780166,76233.,0.5624830723
76293.,0.,76293.,0.,76293.,0.,76293.,0.3700149059,76293.,0.2179703563,76293.,0.5634226799
76353.,0.,76353.,0.,76353.,0.,76353.,0.3667753935,76353.,0.2248223424,76353.,0.5654992461
76363.,0.,76363.,0.,76363.,0.,76363.,0.3681881726,76363.,0.2277203649,76363.,0.5655947328
76413.,0.,76413.,0.,76413.,0.,76413.,0.3656619787,76413.,0.2406451553,76413.,0.5667967796
76443.,0.,76443.,0.,76443.,0.,76443.,0.3649546504,76443.,0.2494868934,76443.,0.5692299008
76453.,0.,76453.,0.,76453.,0.,76453.,0.3650047779,76453.,0.2535500228,76453.,0.5692788959
76463.,0.,76463.,0.,76463.,0.,76463.,0.3648325205,76463.,0.2557131350,76463.,0.5693058372
76473.,0.,76473.,0.,76473.,0.,76473.,0.3648177981,76473.,0.2603961825,76473.,0.5685321093
76483.,0.,76483.,0.,76483.,0.,76483.,0.3630252182,76483.,0.2634783387,76483.,0.5684509873
76493.,0.,76493.,0.,76493.,0.,76493.,0.3639265001,76493.,0.2697319984,76493.,0.5683200359
76503.,0.,76503.,0.,76503.,0.,76503.,0.3659335077,76503.,0.2714498639,76503.,0.568187356
76513.,0.,76513.,0.,76513.,0.,76513.,0.3650669158,76513.,0.2785014808,76513.,0.5684618354
76523.,0.,76523.,0.,76523.,0.,76523.,0.3647232354,76523.,0.2832373679,76523.,0.5682684779
76533.,0.,76533.,0.,76533.,0.,76533.,0.3645131588,76533.,0.2906534374,76533.,0.5680300593
76543.,0.,76543.,0.,76543.,0.,76543.,0.3640326858,76543.,0.2920601368,76543.,0.5678107738
76553.,0.,76553.,0.,76553.,0.,76553.,0.3638138175,76553.,0.3029097915,76553.,0.5674873590
76563.,0.,76563.,0.,76563.,0.,76563.,0.3634440601,76563.,0.3075447977,76563.,0.5671083927
76603.,0.,76603.,0.,76603.,0.,76603.,0.362567693,76603.,0.3332071304,76603.,0.5663223863
76613.,0.,76613.,0.,76613.,0.,76613.,0.3635451794,76613.,0.3362852633,76613.,0.5660398602
76623.,0.,76623.,0.,76623.,0.,76623.,0.3629959524,76623.,0.3462024331,76623.,0.5657072067
76633.,0.,76633.,0.,76633.,0.,76633.,0.3639926612,76633.,0.350150466,76633.,0.5654355884
76643.,0.,76643.,0.,76643.,0.,76643.,0.3633330166,76643.,0.3605805933,76643.,0.5650395751
76653.,0.,76653.,0.,76653.,0.,76653.,0.3627938628,76653.,0.363476187,76653.,0.5647881627
76663.,0.,76663.,0.,76663.,0.,76663.,0.3623789549,76663.,0.3742863834,76663.,0.5644960999
76673.,0.,76673.,0.,76673.,0.,76673.,0.3622050285,76673.,0.3780069649,76673.,0.5642847419
76693.,0.,76693.,0.,76693.,0.,76693.,0.3630150855,76693.,0.3936258554,76693.,0.5610523224
76703.,0.,76703.,0.,76703.,0.,76703.,0.3625477552,76703.,0.4047226012,76703.,0.5607033372
76713.,0.,76713.,0.,76713.,0.,76713.,0.3622944057,76713.,0.4057086110,76713.,0.5604567528
76723.,0.,76723.,0.,76723.,0.,76723.,0.3619331121,76723.,0.4193687141,76723.,0.5601235032
76733.,0.,76733.,0.,76733.,0.,76733.,0.3626048565,76733.,0.4196803272,76733.,0.5575951338
76743.,0.,76743.,0.,76743.,0.,76743.,0.3620671332,76743.,0.4211666584,76743.,0.5572862625
76753.,0.,76753.,0.,76753.,0.,76753.,0.3629904687,76753.,0.4342187941,76753.,0.5569345951
76763.,0.,76763.,0.,76763.,0.,76763.,0.3626474440,76763.,0.4380462766,76763.,0.5566831231
76773.,0.,76773.,0.,76773.,0.,76773.,0.3623089492,76773.,0.4503860772,76773.,0.5547248125
76783.,0.,76783.,0.,76783.,0.,76783.,0.3607617021,76783.,0.4508874714,76783.,0.5544576049
76793.,0.,76793.,0.,76793.,0.,76793.,0.3605147302,76793.,0.4639842510,76793.,0.5541518927
76803.,0.,76803.,0.,76803.,0.,76803.,0.3601091504,76803.,0.4701520801,76803.,0.5539216399
76813.,0.,76813.,0.,76813.,0.,76813.,0.3615751266,76813.,0.4833708107,76813.,0.5536743999
76823.,0.,76823.,0.,76823.,0.,76823.,0.3614332974,76823.,0.4878908098,76823.,0.5524693727
76833.,0.,76833.,0.,76833.,0.,76833.,0.3626589477,76833.,0.5009589195,76833.,0.552259028
76843.,0.,76843.,0.,76843.,0.,76843.,0.3625243604,76843.,0.5021622777,76843.,0.5521529913
76853.,0.,76853.,0.,76853.,0.,76853.,0.3622403741,76853.,0.5162094831,76853.,0.5520133972
76863.,0.,76863.,0.,76863.,0.,76863.,0.363524884,76863.,0.5186678767,76863.,0.5527867079
76873.,0.,76873.,0.,76873.,0.,76873.,0.3642442822,76873.,0.5328703523,76873.,0.5527727604
76883.,0.,76883.,0.,76883.,0.,76883.,0.3651343882,76883.,0.5340454578,76883.,0.5528546572
76893.,0.,76893.,0.,76893.,0.,76893.,0.3647100031,76893.,0.5471229553,76893.,0.5529088378
76903.,0.,76903.,0.,76903.,0.,76903.,0.3638665080,76903.,0.5466601253,76903.,0.5530590415
76913.,0.,76913.,0.,76913.,0.,76913.,0.3633484840,76913.,0.5485573411,76913.,0.5564492941
76923.,0.,76923.,0.,76923.,0.,76923.,0.3637766242,76923.,0.5593955517,76923.,0.5567685962
76973.,0.,76973.,0.,76973.,0.,76973.,0.3625226915,76973.,0.5837701559,76973.,0.5617363453
77033.,0.,77033.,0.,77033.,0.,77033.,0.3613478541,77033.,0.6126404405,77033.,0.5669360161
77063.,0.,77063.,0.,77063.,0.,77063.,0.3594765961,77063.,0.6311609745,77063.,0.5693954825
77103.,0.,77103.,0.,77103.,0.,77103.,0.3580825031,77103.,0.6406078935,77103.,0.5714754462
77113.,0.,77113.,0.,77113.,0.,77113.,0.3594155312,77113.,0.6479477882,77113.,0.5715287924
77123.,0.,77123.,0.,77123.,0.,77123.,0.3567446172,77123.,0.6508403420,77123.,0.5715127587
77133.,0.,77133.,0.,77133.,0.,77133.,0.3564081192,77133.,0.6554876566,77133.,0.5697485209
77143.,0.,77143.,0.,77143.,0.,77143.,0.3538317382,77143.,0.6574153304,77143.,0.5695410967
77163.,0.,77163.,0.,77163.,0.,77163.,0.3530067205,77163.,0.6638795137,77163.,0.5690031052
77173.,0.,77173.,0.,77173.,0.,77173.,0.3516956866,77173.,0.6655996442,77173.,0.56768924
77183.,0.,77183.,0.,77183.,0.,77183.,0.3538866341,77183.,0.6680458784,77183.,0.5672860146
77193.,0.,77193.,0.,77193.,0.,77193.,0.3545924723,77193.,0.6693304181,77193.,0.5668463707
77203.,0.,77203.,0.,77203.,0.,77203.,0.3525249660,77203.,0.6708725691,77203.,0.5663704872
77213.,0.,77213.,0.,77213.,0.,77213.,0.3517564535,77213.,0.6727405190,77213.,0.5658808351
77223.,0.,77223.,0.,77223.,0.,77223.,0.3503937125,77223.,0.6754142642,77223.,0.5650918484
77233.,0.,77233.,0.,77233.,0.,77233.,0.3522444963,77233.,0.6773092747,77233.,0.5645859838
77243.,0.,77243.,0.,77243.,0.,77243.,0.3486976326,77243.,0.6772791147,77243.,0.5640454292
77263.,0.,77263.,0.,77263.,0.,77263.,0.3495893478,77263.,0.6791313291,77263.,0.5620557666
77303.,0.,77303.,0.,77303.,0.,77303.,0.3418762386,77303.,0.6809669733,77303.,0.5587284565
77363.,0.,77363.,0.,77363.,0.,77363.,0.3286670148,77363.,0.6778025031,77363.,0.5540593863
77383.,0.,77383.,0.,77383.,0.,77383.,0.3248592615,77383.,0.6732299328,77383.,0.5531046391
77393.,0.,77393.,0.,77393.,0.,77393.,0.3241473734,77393.,0.6741871834,77393.,0.5519424677
77403.,0.,77403.,0.,77403.,0.,77403.,0.3180348575,77403.,0.6705925465,77403.,0.5514888763
77413.,0.,77413.,0.,77413.,0.,77413.,0.3148252964,77413.,0.6708698869,77413.,0.5510994196
77423.,0.,77423.,0.,77423.,0.,77423.,0.3121007979,77423.,0.672015965,77423.,0.5507577062
77433.,0.,77433.,0.,77433.,0.,77433.,0.3101572096,77433.,0.6681857705,77433.,0.549086988
77443.,0.,77443.,0.,77443.,0.,77443.,0.3072693944,77443.,0.6694869399,77443.,0.5487636924
77453.,0.,77453.,0.,77453.,0.,77453.,0.3001465797,77453.,0.66559726,77453.,0.5484446883
77463.,0.,77463.,0.,77463.,0.,77463.,0.2994818985,77463.,0.6661052108,77463.,0.5482299328
77473.,0.,77473.,0.,77473.,0.,77473.,0.2928541303,77473.,0.6646186709,77473.,0.5480005145
77483.,0.,77483.,0.,77483.,0.,77483.,0.2901516259,77483.,0.6641490459,77483.,0.5478305817
77493.,0.,77493.,0.,77493.,0.,77493.,0.2798482478,77493.,0.6629063487,77493.,0.5476617217
77503.,0.,77503.,0.,77503.,0.,77503.,0.2799011469,77503.,0.6618771553,77503.,0.5476168990
77513.,0.,77513.,0.,77513.,0.,77513.,0.2722353041,77513.,0.6616579890,77513.,0.5475388765
77523.,0.,77523.,0.,77523.,0.,77523.,0.2695726454,77523.,0.6593921185,77523.,0.5455089808
77533.,0.,77533.,0.,77533.,0.,77533.,0.2612770498,77533.,0.6592019796,77533.,0.5453877449
77543.,0.,77543.,0.,77543.,0.,77543.,0.2597269416,77543.,0.6607521772,77543.,0.5453573465
77553.,0.,77553.,0.,77553.,0.,77553.,0.2498233467,77553.,0.6561214924,77553.,0.5452695489
77563.,0.,77563.,0.,77563.,0.,77563.,0.2463177741,77563.,0.6557481289,77563.,0.5452784896
77573.,0.,77573.,0.,77573.,0.,77573.,0.2329747528,77573.,0.6562073827,77573.,0.5438223481
77583.,0.,77583.,0.,77583.,0.,77583.,0.2333344519,77583.,0.6580021977,77583.,0.5438480973
77593.,0.,77593.,0.,77593.,0.,77593.,0.2272150367,77593.,0.6548240781,77593.,0.5438454747
77603.,0.,77603.,0.,77603.,0.,77603.,0.2170378566,77603.,0.6558098197,77603.,0.5438389182
77613.,0.,77613.,0.,77613.,0.,77613.,0.2170208395,77613.,0.6558188796,77613.,0.5420217514
77663.,0.,77663.,0.,77663.,0.,77663.,0.1780370921,77663.,0.6547168493,77663.,0.5396491885
77673.,0.,77673.,0.,77673.,0.,77673.,0.1726909578,77673.,0.6540347338,77673.,0.5396785736
77683.,0.,77683.,0.,77683.,0.,77683.,0.1600697786,77683.,0.6527355313,77683.,0.539677918
77693.,0.,77693.,0.,77693.,0.,77693.,0.1605635285,77693.,0.6529901028,77693.,0.5398372412
77703.,0.,77703.,0.,77703.,0.,77703.,0.1478573382,77703.,0.6532709599,77703.,0.5375282168
77713.,0.,77713.,0.,77713.,0.,77713.,0.1429954916,77713.,0.6532288194,77713.,0.537583828
77723.,0.,77723.,0.,77723.,0.,77723.,0.1322745234,77723.,0.6535786390,77723.,0.5376400948
77733.,0.,77733.,0.,77733.,0.,77733.,0.1307605505,77733.,0.6536448598,77733.,0.5378136635
77743.,0.,77743.,0.,77743.,0.,77743.,0.1177734137,77743.,0.6547816396,77743.,0.5367292166
77753.,0.,77753.,0.,77753.,0.,77753.,0.1170089021,77753.,0.6553672552,77753.,0.5369057655
77763.,0.,77763.,0.,77763.,0.,77763.,0.1128069162,77763.,0.6550130248,77763.,0.5371149182
77773.,0.,77773.,0.,77773.,0.,77773.,0.1014479622,77773.,0.6572876573,77773.,0.5373204947
77783.,0.,77783.,0.,77783.,0.,77783.,0.0988975614,77783.,0.6565089822,77783.,0.537632823
77793.,0.,77793.,0.,77793.,0.,77793.,0.0867799520,77793.,0.6579954624,77793.,0.5384778976
77803.,0.,77803.,0.,77803.,0.,77803.,0.0824802890,77803.,0.6582754254,77803.,0.5388658643
77813.,0.,77813.,0.,77813.,0.,77813.,0.0704309493,77813.,0.6612293124,77813.,0.5392396450
77823.,0.,77823.,0.,77823.,0.,77823.,0.0699390098,77823.,0.6611787081,77823.,0.5397083163
77833.,0.,77833.,0.,77833.,0.,77833.,0.0561371408,77833.,0.6626535058,77833.,0.5414303541
77843.,0.,77843.,0.,77843.,0.,77843.,0.0505948812,77843.,0.6627628207,77843.,0.5419558287
77853.,0.,77853.,0.,77853.,0.,77853.,0.0407849513,77853.,0.6661812067,77853.,0.5424691439
77863.,0.,77863.,0.,77863.,0.,77863.,0.0393302962,77863.,0.6660630107,77863.,0.5430344939
77873.,0.,77873.,0.,77873.,0.,77873.,0.0310242753,77873.,0.6685897112,77873.,0.5461150408
77883.,0.,77883.,0.,77883.,0.,77883.,0.0315228067,77883.,0.6680907011,77883.,0.5468087196
77893.,0.,77893.,0.,77893.,0.,77893.,0.0187746566,77893.,0.6702970862,77893.,0.5474470854
77903.,0.,77903.,0.,77903.,0.,77903.,0.0163100939,77903.,0.6735909581,77903.,0.5481023192
77913.,0.,77913.,0.,77913.,0.,77913.,0.0089628883,77913.,0.6731055379,77913.,0.5487273335
77923.,0.,77923.,0.,77923.,0.,77923.,0.0048042345,77923.,0.6764184237,77923.,0.5526443124
77933.,0.,77933.,0.,77933.,0.,77933.,0.0015310436,77933.,0.6770169735,77933.,0.5533783436
77943.,0.,77943.,0.,77943.,0.,77943.,-0.0056391843,77943.,0.6800940037,77943.,0.5540578365
77953.,0.,77953.,0.,77953.,0.,77953.,-0.0082251895,77953.,0.6807023287,77953.,0.5547100902
77963.,0.,77963.,0.,77963.,0.,77963.,-0.0171042718,77963.,0.6827207804,77963.,0.5575631857
77973.,0.,77973.,0.,77973.,0.,77973.,-0.0201404393,77973.,0.6832969785,77973.,0.5582388639
77983.,0.,77983.,0.,77983.,0.,77983.,-0.0258312654,77983.,0.6850917935,77983.,0.5588546395
77993.,0.,77993.,0.,77993.,0.,77993.,-0.0317864828,77993.,0.6882666945,77993.,0.5594137907
78003.,0.,78003.,0.,78003.,0.,78003.,-0.0377656594,78003.,0.6904646158,78003.,0.5618261695
78013.,0.,78013.,0.,78013.,0.,78013.,-0.0397064872,78013.,0.6921185255,78013.,0.5623829365
78023.,0.,78023.,0.,78023.,0.,78023.,-0.0484357402,78023.,0.694978416,78023.,0.5628815293
78033.,0.,78033.,0.,78033.,0.,78033.,-0.0527437590,78033.,0.6959547997,78033.,0.563323617
78043.,0.,78043.,0.,78043.,0.,78043.,-0.0562415347,78043.,0.6976673007,78043.,0.5637021065
78053.,0.,78053.,0.,78053.,0.,78053.,-0.0605348460,78053.,0.6999690533,78053.,0.5660467148
78063.,0.,78063.,0.,78063.,0.,78063.,-0.0661278218,78063.,0.7041283846,78063.,0.5664010644
78073.,0.,78073.,0.,78073.,0.,78073.,-0.0677686855,78073.,0.7051846981,78073.,0.5666949749
78083.,0.,78083.,0.,78083.,0.,78083.,-0.0745808929,78083.,0.7058469653,78083.,0.5669266582
78093.,0.,78093.,0.,78093.,0.,78093.,-0.0750552863,78093.,0.7089675665,78093.,0.5670055747
78103.,0.,78103.,0.,78103.,0.,78103.,-0.0838148817,78103.,0.7100619674,78103.,0.5671163797
78113.,0.,78113.,0.,78113.,0.,78113.,-0.0847227573,78113.,0.711160183,78113.,0.5671627522
78123.,0.,78123.,0.,78123.,0.,78123.,-0.0865314305,78123.,0.7122997046,78123.,0.5671483278
78183.,0.,78183.,0.,78183.,0.,78183.,-0.1044681221,78183.,0.7229290009,78183.,0.5648129582
78193.,0.,78193.,0.,78193.,0.,78193.,-0.1062837616,78193.,0.7233977318,78193.,0.5644650459
78203.,0.,78203.,0.,78203.,0.,78203.,-0.1086605713,78203.,0.72637254,78203.,0.5640991926
78213.,0.,78213.,0.,78213.,0.,78213.,-0.1102512926,78213.,0.7283028364,78213.,0.5637179613
78223.,0.,78223.,0.,78223.,0.,78223.,-0.1129180565,78223.,0.7295892239,78223.,0.5628082156
78233.,0.,78233.,0.,78233.,0.,78233.,-0.1145205945,78233.,0.7315418124,78233.,0.5623837113
78243.,0.,78243.,0.,78243.,0.,78243.,-0.1165321767,78243.,0.7322221398,78243.,0.5619562268
78253.,0.,78253.,0.,78253.,0.,78253.,-0.1184315532,78253.,0.734256804,78253.,0.5615245104
78263.,0.,78263.,0.,78263.,0.,78263.,-0.1204632521,78263.,0.7353821993,78263.,0.5610915422
78273.,0.,78273.,0.,78273.,0.,78273.,-0.1227394566,78273.,0.7374103665,78273.,0.5586408973
78283.,0.,78283.,0.,78283.,0.,78283.,-0.124894768,78283.,0.7395271063,78283.,0.5581259727
78293.,0.,78293.,0.,78293.,0.,78293.,-0.1257688701,78293.,0.7394906878,78293.,0.5576236844
78303.,0.,78303.,0.,78303.,0.,78303.,-0.1265017986,78303.,0.7404039502,78303.,0.5571419597
78313.,0.,78313.,0.,78313.,0.,78313.,-0.1287440956,78313.,0.7413851023,78313.,0.5556212068
78323.,0.,78323.,0.,78323.,0.,78323.,-0.1286480129,78323.,0.7436484098,78323.,0.5550803542
78333.,0.,78333.,0.,78333.,0.,78333.,-0.1296564043,78333.,0.7445172071,78333.,0.5546172857
78343.,0.,78343.,0.,78343.,0.,78343.,-0.1292622983,78343.,0.745682478,78343.,0.5541868806
78353.,0.,78353.,0.,78353.,0.,78353.,-0.1303024590,78353.,0.7464113235,78353.,0.5537949204
78363.,0.,78363.,0.,78363.,0.,78363.,-0.1315566599,78363.,0.7478802204,78363.,0.5523038507
78373.,0.,78373.,0.,78373.,0.,78373.,-0.1342418939,78373.,0.748862803,78373.,0.5519261956
78383.,0.,78383.,0.,78383.,0.,78383.,-0.130166173,78383.,0.7489078045,78383.,0.55157125
78393.,0.,78393.,0.,78393.,0.,78393.,-0.1299243420,78393.,0.7500951886,78393.,0.5512588620
78403.,0.,78403.,0.,78403.,0.,78403.,-0.1294889748,78403.,0.7515946031,78403.,0.5508793592
78413.,0.,78413.,0.,78413.,0.,78413.,-0.1308779418,78413.,0.7517499328,78413.,0.5506331921
78423.,0.,78423.,0.,78423.,0.,78423.,-0.1320830733,78423.,0.7530812621,78423.,0.5504217744
78433.,0.,78433.,0.,78433.,0.,78433.,-0.1335059404,78433.,0.7531870604,78433.,0.5502408147
78443.,0.,78443.,0.,78443.,0.,78443.,-0.1334484816,78443.,0.7521407604,78443.,0.5504565835
78453.,0.,78453.,0.,78453.,0.,78453.,-0.1337870061,78453.,0.752389431,78453.,0.5503699183
78463.,0.,78463.,0.,78463.,0.,78463.,-0.1282392144,78463.,0.7538999319,78463.,0.5503144860
78473.,0.,78473.,0.,78473.,0.,78473.,-0.1292280108,78473.,0.7542422414,78473.,0.5502910614
78483.,0.,78483.,0.,78483.,0.,78483.,-0.1270760149,78483.,0.7558460832,78483.,0.5502868295
78493.,0.,78493.,0.,78493.,0.,78493.,-0.1274175793,78493.,0.7560960054,78493.,0.5481333137
78503.,0.,78503.,0.,78503.,0.,78503.,-0.1272345185,78503.,0.7565135956,78503.,0.5480509400
78513.,0.,78513.,0.,78513.,0.,78513.,-0.1283453107,78513.,0.7558252215,78513.,0.5479815006
78573.,0.,78573.,0.,78573.,0.,78573.,-0.1256113946,78573.,0.7592411637,78573.,0.5474380255
78623.,0.,78623.,0.,78623.,0.,78623.,-0.1270861626,78623.,0.7562373877,78623.,0.5482637882
78653.,0.,78653.,0.,78653.,0.,78653.,-0.1264105737,78653.,0.7560798526,78653.,0.5484470725
78703.,0.,78703.,0.,78703.,0.,78703.,-0.1233279109,78703.,0.7542084455,78703.,0.5494632125
78753.,0.,78753.,0.,78753.,0.,78753.,-0.1256513596,78753.,0.7524041533,78753.,0.5487421751
78763.,0.,78763.,0.,78763.,0.,78763.,-0.1258953661,78763.,0.7518054247,78763.,0.5487648845
78773.,0.,78773.,0.,78773.,0.,78773.,-0.1243830025,78773.,0.7528579235,78773.,0.5487912893
78783.,0.,78783.,0.,78783.,0.,78783.,-0.1242960244,78783.,0.7511333227,78783.,0.5488150716
78793.,0.,78793.,0.,78793.,0.,78793.,-0.1255472004,78793.,0.7491571307,78793.,0.5488349795
78803.,0.,78803.,0.,78803.,0.,78803.,-0.1258919537,78803.,0.7484835982,78803.,0.5493324399
78813.,0.,78813.,0.,78813.,0.,78813.,-0.1267482042,78813.,0.7502719164,78813.,0.5493668914
78823.,0.,78823.,0.,78823.,0.,78823.,-0.1266495734,78823.,0.7497081161,78823.,0.5493938923
78833.,0.,78833.,0.,78833.,0.,78833.,-0.1287011504,78833.,0.7503985167,78833.,0.5494191051
78873.,0.,78873.,0.,78873.,0.,78873.,-0.1349870712,78873.,0.7482465506,78873.,0.5493066311
78883.,0.,78883.,0.,78883.,0.,78883.,-0.135592863,78883.,0.7476593256,78883.,0.5487874746
78893.,0.,78893.,0.,78893.,0.,78893.,-0.1371781081,78893.,0.7467951775,78893.,0.5487459898
78913.,0.,78913.,0.,78913.,0.,78913.,-0.1402028650,78913.,0.7454856634,78913.,0.5486488938
78993.,0.,78993.,0.,78993.,0.,78993.,-0.1502128392,78993.,0.744625628,78993.,0.5485859513
79013.,0.,79013.,0.,79013.,0.,79013.,-0.1508614868,79013.,0.7441629171,79013.,0.5485741496
79033.,0.,79033.,0.,79033.,0.,79033.,-0.1585967988,79033.,0.7442309260,79033.,0.5487409830
79043.,0.,79043.,0.,79043.,0.,79043.,-0.1594403982,79043.,0.7444146276,79043.,0.5487477779
79123.,0.,79123.,0.,79123.,0.,79123.,-0.1695194244,79123.,0.7444199324,79123.,0.5492580533
79133.,0.,79133.,0.,79133.,0.,79133.,-0.1703345776,79133.,0.7441348433,79133.,0.5492649674
79163.,0.,79163.,0.,79163.,0.,79163.,-0.1721819937,79163.,0.7472269535,79163.,0.5495728850
79213.,0.,79213.,0.,79213.,0.,79213.,-0.1810676157,79213.,0.7506042123,79213.,0.5502169728
79223.,0.,79223.,0.,79223.,0.,79223.,-0.1816615015,79223.,0.7524784803,79223.,0.5502412915
79263.,0.,79263.,0.,79263.,0.,79263.,-0.1856255531,79263.,0.7537535429,79263.,0.5501675606
79273.,0.,79273.,0.,79273.,0.,79273.,-0.1861136854,79273.,0.7569265366,79273.,0.5501645207
79283.,0.,79283.,0.,79283.,0.,79283.,-0.1865427792,79283.,0.7562215924,79283.,0.5513157845
79293.,0.,79293.,0.,79293.,0.,79293.,-0.1872208267,79293.,0.7557107210,79293.,0.5513612032
79313.,0.,79313.,0.,79313.,0.,79313.,-0.1869496852,79313.,0.7576547265,79313.,0.5514417291
79323.,0.,79323.,0.,79323.,0.,79323.,-0.1869614720,79323.,0.7592578530,79323.,0.5516876578
79333.,0.,79333.,0.,79333.,0.,79333.,-0.1871483624,79333.,0.7607960701,79333.,0.5517343283
79343.,0.,79343.,0.,79343.,0.,79343.,-0.1872698069,79343.,0.7608443499,79343.,0.5517732501
79353.,0.,79353.,0.,79353.,0.,79353.,-0.1873270720,79353.,0.7627919316,79353.,0.5518012047
79363.,0.,79363.,0.,79363.,0.,79363.,-0.1874118447,79363.,0.764931798,79363.,0.5518224835
79413.,0.,79413.,0.,79413.,0.,79413.,-0.1895035952,79413.,0.7691593766,79413.,0.5501950979
79423.,0.,79423.,0.,79423.,0.,79423.,-0.1885982603,79423.,0.7680745721,79423.,0.5501128435
79443.,0.,79443.,0.,79443.,0.,79443.,-0.1898263544,79443.,0.7677305341,79443.,0.5499418378
79513.,0.,79513.,0.,79513.,0.,79513.,-0.1879920661,79513.,0.7755896449,79513.,0.550532043
79523.,0.,79523.,0.,79523.,0.,79523.,-0.1861628741,79523.,0.7760962248,79523.,0.5504674315
79533.,0.,79533.,0.,79533.,0.,79533.,-0.1856177300,79533.,0.7776906490,79533.,0.5504009724
79543.,0.,79543.,0.,79543.,0.,79543.,-0.1852155477,79543.,0.7770469189,79543.,0.5501970649
79553.,0.,79553.,0.,79553.,0.,79553.,-0.1861366481,79553.,0.7778143883,79553.,0.5501105785
79563.,0.,79563.,0.,79563.,0.,79563.,-0.1869867444,79563.,0.7799372673,79563.,0.5500220656
79573.,0.,79573.,0.,79573.,0.,79573.,-0.1880977303,79573.,0.7785782218,79573.,0.5499294400
79583.,0.,79583.,0.,79583.,0.,79583.,-0.1878318787,79583.,0.7794594765,79583.,0.5498347878
79593.,0.,79593.,0.,79593.,0.,79593.,-0.183507368,79593.,0.7790691853,79593.,0.5505993366
79663.,0.,79663.,0.,79663.,0.,79663.,-0.1772760451,79663.,0.7794277668,79663.,0.5499066114
79763.,0.,79763.,0.,79763.,0.,79763.,-0.1650497764,79763.,0.7743188143,79763.,0.5484637618
79773.,0.,79773.,0.,79773.,0.,79773.,-0.1666098088,79773.,0.7753316760,79773.,0.548335135
79783.,0.,79783.,0.,79783.,0.,79783.,-0.1651486009,79783.,0.7745187283,79783.,0.5481989384
79793.,0.,79793.,0.,79793.,0.,79793.,-0.1651969105,79793.,0.7721639276,79793.,0.548062861
79803.,0.,79803.,0.,79803.,0.,79803.,-0.1643600464,79803.,0.7711617351,79803.,0.5479287505
79813.,0.,79813.,0.,79813.,0.,79813.,-0.1635341644,79813.,0.7701053619,79813.,0.5478209257
79823.,0.,79823.,0.,79823.,0.,79823.,-0.1613755375,79823.,0.7688409090,79823.,0.5476681590
79833.,0.,79833.,0.,79833.,0.,79833.,-0.1595422775,79833.,0.7691788077,79833.,0.5475327373
79843.,0.,79843.,0.,79843.,0.,79843.,-0.1561782658,79843.,0.7678953409,79843.,0.5473963618
79853.,0.,79853.,0.,79853.,0.,79853.,-0.1555748731,79853.,0.7663679123,79853.,0.547506094
79863.,0.,79863.,0.,79863.,0.,79863.,-0.1547445953,79863.,0.7650336027,79863.,0.5473954082
79873.,0.,79873.,0.,79873.,0.,79873.,-0.1528384537,79873.,0.7629841566,79873.,0.5472880006
79903.,0.,79903.,0.,79903.,0.,79903.,-0.1512940228,79903.,0.7619293332,79903.,0.5473864675
79973.,0.,79973.,0.,79973.,0.,79973.,-0.1491974145,79973.,0.7540194988,79973.,0.5471693277
79983.,0.,79983.,0.,79983.,0.,79983.,-0.1507777274,79983.,0.7517768741,79983.,0.5470385551
79993.,0.,79993.,0.,79993.,0.,79993.,-0.149694562,79993.,0.7492204309,79993.,0.5469235182
80003.,0.,80003.,0.,80003.,0.,80003.,-0.1494002342,80003.,0.7478647232,80003.,0.5468013883
80013.,0.,80013.,0.,80013.,0.,80013.,-0.1521938741,80013.,0.7451511025,80013.,0.5466578603
80023.,0.,80023.,0.,80023.,0.,80023.,-0.1492333412,80023.,0.7424387932,80023.,0.5464978814
80033.,0.,80033.,0.,80033.,0.,80033.,-0.1489612609,80033.,0.7394512892,80033.,0.5477485061
80043.,0.,80043.,0.,80043.,0.,80043.,-0.1487549394,80043.,0.7385723591,80043.,0.5476313829
80053.,0.,80053.,0.,80053.,0.,80053.,-0.1495919377,80053.,0.7336241603,80053.,0.5474729538
80063.,0.,80063.,0.,80063.,0.,80063.,-0.1493514478,80063.,0.7304182053,80063.,0.5473056436
80073.,0.,80073.,0.,80073.,0.,80073.,-0.1489536613,80073.,0.7271323204,80073.,0.5477395058
80083.,0.,80083.,0.,80083.,0.,80083.,-0.1487596482,80083.,0.7236373425,80083.,0.5475566387
80093.,0.,80093.,0.,80093.,0.,80093.,-0.1497736424,80093.,0.7219609618,80093.,0.5473580956
80103.,0.,80103.,0.,80103.,0.,80103.,-0.1508276165,80103.,0.7191974521,80103.,0.5471282601
80113.,0.,80113.,0.,80113.,0.,80113.,-0.1501842588,80113.,0.7171210647,80113.,0.5468839407
80123.,0.,80123.,0.,80123.,0.,80123.,-0.1495827585,80123.,0.7122285962,80123.,0.5473372936
80133.,0.,80133.,0.,80133.,0.,80133.,-0.1499152929,80133.,0.7088661194,80133.,0.5470857620
80143.,0.,80143.,0.,80143.,0.,80143.,-0.1488855779,80143.,0.7058340907,80143.,0.5468183756
80153.,0.,80153.,0.,80153.,0.,80153.,-0.1524934918,80153.,0.7057741284,80153.,0.5465517640
80163.,0.,80163.,0.,80163.,0.,80163.,-0.1503985077,80163.,0.700088203,80163.,0.5466188192
80173.,0.,80173.,0.,80173.,0.,80173.,-0.1510935575,80173.,0.6934314370,80173.,0.5462898016
80183.,0.,80183.,0.,80183.,0.,80183.,-0.1502714902,80183.,0.6884170771,80183.,0.5459589958
80193.,0.,80193.,0.,80193.,0.,80193.,-0.1491390616,80193.,0.6824719906,80193.,0.5456072688
80203.,0.,80203.,0.,80203.,0.,80203.,-0.1485537738,80203.,0.6807887554,80203.,0.5444468856
80213.,0.,80213.,0.,80213.,0.,80213.,-0.1502907872,80213.,0.671415329,80213.,0.5440102816
80223.,0.,80223.,0.,80223.,0.,80223.,-0.151009962,80223.,0.6708927751,80223.,0.5436375737
80233.,0.,80233.,0.,80233.,0.,80233.,-0.1518184543,80233.,0.6648997068,80233.,0.5432184935
80243.,0.,80243.,0.,80243.,0.,80243.,-0.1506558359,80243.,0.6580044031,80243.,0.5427898169
80253.,0.,80253.,0.,80253.,0.,80253.,-0.1498799473,80253.,0.6487784982,80253.,0.5410568714
80263.,0.,80263.,0.,80263.,0.,80263.,-0.1496203393,80263.,0.6473780870,80263.,0.5406190157
80273.,0.,80273.,0.,80273.,0.,80273.,-0.1488193125,80273.,0.6397208571,80273.,0.5401498079
80283.,0.,80283.,0.,80283.,0.,80283.,-0.1508956552,80283.,0.6354928613,80283.,0.5397309065
80293.,0.,80293.,0.,80293.,0.,80293.,-0.1516938955,80293.,0.6237925887,80293.,0.5381261706
80303.,0.,80303.,0.,80303.,0.,80303.,-0.1510971189,80303.,0.621827662,80303.,0.5376994014
80313.,0.,80313.,0.,80313.,0.,80313.,-0.1518637687,80313.,0.6211935878,80313.,0.5373155475
80323.,0.,80323.,0.,80323.,0.,80323.,-0.1511303931,80323.,0.6113229990,80323.,0.5368776917
80333.,0.,80333.,0.,80333.,0.,80333.,-0.1502821743,80333.,0.6156964898,80333.,0.5347984433
80343.,0.,80343.,0.,80343.,0.,80343.,-0.1508211046,80343.,0.5995453000,80343.,0.5343003869
80353.,0.,80353.,0.,80353.,0.,80353.,-0.1518053114,80353.,0.5982216597,80353.,0.5339534879
80363.,0.,80363.,0.,80363.,0.,80363.,-0.1511324644,80363.,0.5876458287,80363.,0.5335728526
80373.,0.,80373.,0.,80373.,0.,80373.,-0.1520864069,80373.,0.5877894759,80373.,0.5333333611
80383.,0.,80383.,0.,80383.,0.,80383.,-0.1531272829,80383.,0.5788102746,80383.,0.5297147036
80393.,0.,80393.,0.,80393.,0.,80393.,-0.152692765,80393.,0.5755652785,80393.,0.5293408036
80513.,0.,80513.,0.,80513.,0.,80513.,-0.1543125361,80513.,0.4783839583,80513.,0.5190224051
80533.,0.,80533.,0.,80533.,0.,80533.,-0.1525340229,80533.,0.4639189243,80533.,0.5190098286
80593.,0.,80593.,0.,80593.,0.,80593.,-0.1541474909,80593.,0.4177097678,80593.,0.5216932893
80613.,0.,80613.,0.,80613.,0.,80613.,-0.1539913267,80613.,0.4023084342,80613.,0.5239540935
80633.,0.,80633.,0.,80633.,0.,80633.,-0.1559036076,80633.,0.3884416223,80633.,0.5250031352
80703.,0.,80703.,0.,80703.,0.,80703.,-0.1603615731,80703.,0.3522172570,80703.,0.5320292115
80733.,0.,80733.,0.,80733.,0.,80733.,-0.1600400805,80733.,0.3463907838,80733.,0.5357214212
80743.,0.,80743.,0.,80743.,0.,80743.,-0.161000073,80743.,0.3371599615,80743.,0.5363014340
80793.,0.,80793.,0.,80793.,0.,80793.,-0.1610677540,80793.,0.3130463362,80793.,0.5409451723
80803.,0.,80803.,0.,80803.,0.,80803.,-0.1610348374,80803.,0.3114300668,80803.,0.5409447551
80813.,0.,80813.,0.,80813.,0.,80813.,-0.1622266769,80813.,0.3079681098,80813.,0.5412815213
80823.,0.,80823.,0.,80823.,0.,80823.,-0.1612515002,80823.,0.3077979386,80823.,0.5404971838
80833.,0.,80833.,0.,80833.,0.,80833.,-0.1610778421,80833.,0.3028488159,80833.,0.5406649709
80843.,0.,80843.,0.,80843.,0.,80843.,-0.161090076,80843.,0.2984749079,80843.,0.5407801270
80853.,0.,80853.,0.,80853.,0.,80853.,-0.1609490812,80853.,0.2905955613,80853.,0.5408487916
80863.,0.,80863.,0.,80863.,0.,80863.,-0.1619582921,80863.,0.2898032367,80863.,0.5412377119
80873.,0.,80873.,0.,80873.,0.,80873.,-0.1618240029,80873.,0.2875964046,80873.,0.5412391424
80883.,0.,80883.,0.,80883.,0.,80883.,-0.1615789384,80883.,0.2830412984,80883.,0.5412049294
80893.,0.,80893.,0.,80893.,0.,80893.,-0.1615764797,80893.,0.2794121504,80893.,0.5411359072
80903.,0.,80903.,0.,80903.,0.,80903.,-0.1614217758,80903.,0.2769981325,80903.,0.5410322547
80913.,0.,80913.,0.,80913.,0.,80913.,-0.1615093350,80913.,0.2745752335,80913.,0.5417030454
80923.,0.,80923.,0.,80923.,0.,80923.,-0.1627096534,80923.,0.2732932568,80923.,0.5415871739
80933.,0.,80933.,0.,80933.,0.,80933.,-0.1627048403,80933.,0.2702988088,80933.,0.5414495468
80943.,0.,80943.,0.,80943.,0.,80943.,-0.1626937985,80943.,0.2674423754,80943.,0.5412935019
80953.,0.,80953.,0.,80953.,0.,80953.,-0.1626888812,80953.,0.2645908296,80953.,0.5399384499
80963.,0.,80963.,0.,80963.,0.,80963.,-0.1637376994,80963.,0.2627697587,80963.,0.5396974683
80973.,0.,80973.,0.,80973.,0.,80973.,-0.1648097634,80973.,0.2609297335,80973.,0.5394527912
80983.,0.,80983.,0.,80983.,0.,80983.,-0.1646128148,80983.,0.2626735866,80983.,0.5391990542
80993.,0.,80993.,0.,80993.,0.,80993.,-0.1646092683,80993.,0.2605322599,80993.,0.5385990143
81003.,0.,81003.,0.,81003.,0.,81003.,-0.1656089127,81003.,0.2610476315,81003.,0.5383293033
81013.,0.,81013.,0.,81013.,0.,81013.,-0.1656051129,81013.,0.2592368424,81013.,0.5380675793
81023.,0.,81023.,0.,81023.,0.,81023.,-0.1655934602,81023.,0.2575440407,81023.,0.5378152728
81033.,0.,81033.,0.,81033.,0.,81033.,-0.1654096097,81033.,0.2576328218,81033.,0.5375733972
81043.,0.,81043.,0.,81043.,0.,81043.,-0.1648999751,81043.,0.2587839663,81043.,0.5376003385
81053.,0.,81053.,0.,81053.,0.,81053.,-0.1647353768,81053.,0.2573030889,81053.,0.5374062657
81063.,0.,81063.,0.,81063.,0.,81063.,-0.1658557057,81063.,0.2584754825,81063.,0.5372228622
81073.,0.,81073.,0.,81073.,0.,81073.,-0.1657827348,81073.,0.2592528462,81073.,0.5370568633
81083.,0.,81083.,0.,81083.,0.,81083.,-0.1658669114,81083.,0.2588386536,81083.,0.5361890197
81103.,0.,81103.,0.,81103.,0.,81103.,-0.1660049856,81103.,0.259360075,81103.,0.5358486772
81113.,0.,81113.,0.,81113.,0.,81113.,-0.1658480763,81113.,0.2587392628,81113.,0.535702765
81133.,0.,81133.,0.,81133.,0.,81133.,-0.1658955663,81133.,0.2624317706,81133.,0.5336990356
81233.,0.,81233.,0.,81233.,0.,81233.,-0.1665000319,81233.,0.2750781775,81233.,0.5329297185
81293.,0.,81293.,0.,81293.,0.,81293.,-0.1663033813,81293.,0.2804245353,81293.,0.5340288281
81313.,0.,81313.,0.,81313.,0.,81313.,-0.1643901765,81313.,0.2816935778,81313.,0.5354665518
81333.,0.,81333.,0.,81333.,0.,81333.,-0.1663362235,81333.,0.2807962894,81333.,0.5356655717
81353.,0.,81353.,0.,81353.,0.,81353.,-0.1668940037,81353.,0.2846060395,81353.,0.5368029475
81443.,0.,81443.,0.,81443.,0.,81443.,-0.1641423851,81443.,0.2923102379,81443.,0.5383439064
81533.,0.,81533.,0.,81533.,0.,81533.,-0.1598550528,81533.,0.2896383703,81533.,0.5396803617
81543.,0.,81543.,0.,81543.,0.,81543.,-0.1588414311,81543.,0.2900786996,81543.,0.5396535993
81603.,0.,81603.,0.,81603.,0.,81603.,-0.156051755,81603.,0.2823933065,81603.,0.5390742421
81613.,0.,81613.,0.,81613.,0.,81613.,-0.1575164497,81613.,0.2811474502,81613.,0.5386164188
81633.,0.,81633.,0.,81633.,0.,81633.,-0.1574038714,81633.,0.2737294137,81633.,0.5384276509
81673.,0.,81673.,0.,81673.,0.,81673.,-0.1574834734,81673.,0.2696872056,81673.,0.5359179974
81683.,0.,81683.,0.,81683.,0.,81683.,-0.1573554277,81683.,0.2708470225,81683.,0.5357297063
81693.,0.,81693.,0.,81693.,0.,81693.,-0.1572123021,81693.,0.2679780126,81693.,0.5355353355
81703.,0.,81703.,0.,81703.,0.,81703.,-0.157058388,81703.,0.2637153268,81703.,0.5340311527
81713.,0.,81713.,0.,81713.,0.,81713.,-0.1576907635,81713.,0.2647862434,81713.,0.5337921381
81723.,0.,81723.,0.,81723.,0.,81723.,-0.1575804055,81723.,0.2618247271,81723.,0.5335556865
81733.,0.,81733.,0.,81733.,0.,81733.,-0.1578237414,81733.,0.2627544999,81733.,0.5333421230
81743.,0.,81743.,0.,81743.,0.,81743.,-0.1576591432,81743.,0.2573720515,81743.,0.531190455
81763.,0.,81763.,0.,81763.,0.,81763.,-0.1573755890,81763.,0.2526215315,81763.,0.5306137204
81783.,0.,81783.,0.,81783.,0.,81783.,-0.1575760394,81783.,0.2465912402,81783.,0.5301234126
81793.,0.,81793.,0.,81793.,0.,81793.,-0.1562271714,81793.,0.2463725805,81793.,0.5283750296
81843.,0.,81843.,0.,81843.,0.,81843.,-0.1534013301,81843.,0.2329916507,81843.,0.5276125073
81873.,0.,81873.,0.,81873.,0.,81873.,-0.1523524821,81873.,0.2256353945,81873.,0.5280371904
81963.,0.,81963.,0.,81963.,0.,81963.,-0.1517562121,81963.,0.2120432556,81963.,0.5305749774
81973.,0.,81973.,0.,81973.,0.,81973.,-0.1531551182,81973.,0.2106291652,81973.,0.5307947993
81983.,0.,81983.,0.,81983.,0.,81983.,-0.1531476527,81983.,0.2091529816,81983.,0.5310100913
81993.,0.,81993.,0.,81993.,0.,81993.,-0.1530603468,81993.,0.2079572678,81993.,0.5312179923
82003.,0.,82003.,0.,82003.,0.,82003.,-0.152972281,82003.,0.2066106796,82003.,0.5314160585
82013.,0.,82013.,0.,82013.,0.,82013.,-0.151548028,82013.,0.2048963010,82013.,0.5317599177
82023.,0.,82023.,0.,82023.,0.,82023.,-0.1512226313,82023.,0.2032077014,82023.,0.5319429636
82033.,0.,82033.,0.,82033.,0.,82033.,-0.1513236165,82033.,0.201185748,82033.,0.5321140885
82053.,0.,82053.,0.,82053.,0.,82053.,-0.1510319561,82053.,0.1993405223,82053.,0.5326287746
82063.,0.,82063.,0.,82063.,0.,82063.,-0.1509527266,82063.,0.1985048652,82063.,0.5327615142
82073.,0.,82073.,0.,82073.,0.,82073.,-0.1497026533,82073.,0.1975110322,82073.,0.5328834653
82083.,0.,82083.,0.,82083.,0.,82083.,-0.1498765051,82083.,0.1966554224,82083.,0.5329934955
82103.,0.,82103.,0.,82103.,0.,82103.,-0.1497082412,82103.,0.1953422576,82103.,0.5331347585
82113.,0.,82113.,0.,82113.,0.,82113.,-0.1496357173,82113.,0.1948137432,82113.,0.5332003236
82123.,0.,82123.,0.,82123.,0.,82123.,-0.1494140625,82123.,0.1934031099,82123.,0.5332580209
82133.,0.,82133.,0.,82133.,0.,82133.,-0.1493483931,82133.,0.1929808408,82133.,0.5333048105
82143.,0.,82143.,0.,82143.,0.,82143.,-0.149282828,82143.,0.1925904304,82143.,0.532805264
82153.,0.,82153.,0.,82153.,0.,82153.,-0.1492258906,82153.,0.1922888756,82153.,0.5328035355
82163.,0.,82163.,0.,82163.,0.,82163.,-0.1491732746,82163.,0.1920467913,82163.,0.5327908397
82183.,0.,82183.,0.,82183.,0.,82183.,-0.1490280330,82183.,0.1942507178,82183.,0.5324479342
82193.,0.,82193.,0.,82193.,0.,82193.,-0.1489867419,82193.,0.1942285597,82193.,0.5323935747
82243.,0.,82243.,0.,82243.,0.,82243.,-0.1500368863,82243.,0.1948155165,82243.,0.5323629975
82283.,0.,82283.,0.,82283.,0.,82283.,-0.1519821882,82283.,0.1946122944,82283.,0.5318587422
82293.,0.,82293.,0.,82293.,0.,82293.,-0.1521882862,82293.,0.1959196180,82293.,0.5316733718
82313.,0.,82313.,0.,82313.,0.,82313.,-0.1511837095,82313.,0.1966405362,82313.,0.5311846733
82433.,0.,82433.,0.,82433.,0.,82433.,-0.1507715881,82433.,0.2076932341,82433.,0.523134172
82493.,0.,82493.,0.,82493.,0.,82493.,-0.1516239196,82493.,0.2119505554,82493.,0.5160182714
82503.,0.,82503.,0.,82503.,0.,82503.,-0.1529432386,82503.,0.2118019015,82503.,0.5140757561
82513.,0.,82513.,0.,82513.,0.,82513.,-0.1510652155,82513.,0.2131349295,82513.,0.5119922161
82563.,0.,82563.,0.,82563.,0.,82563.,-0.1553824842,82563.,0.2170109451,82563.,0.5003756881
82633.,0.,82633.,0.,82633.,0.,82633.,-0.1554630548,82633.,0.2230031341,82633.,0.4769098461
82643.,0.,82643.,0.,82643.,0.,82643.,-0.1551204324,82643.,0.2179936618,82643.,0.4727297127
82693.,0.,82693.,0.,82693.,0.,82693.,-0.1611708701,82693.,0.2296502292,82693.,0.4486707449
82703.,0.,82703.,0.,82703.,0.,82703.,-0.1642292738,82703.,0.2290544808,82703.,0.4433549643
82713.,0.,82713.,0.,82713.,0.,82713.,-0.1644357294,82713.,0.2296053171,82713.,0.4383046031
82723.,0.,82723.,0.,82723.,0.,82723.,-0.1646374613,82723.,0.2301389873,82723.,0.4326639473
82733.,0.,82733.,0.,82733.,0.,82733.,-0.1609402001,82733.,0.2295819223,82733.,0.4268689156
82743.,0.,82743.,0.,82743.,0.,82743.,-0.155164063,82743.,0.2330370843,82743.,0.4209233224
82753.,0.,82753.,0.,82753.,0.,82753.,-0.1478417963,82753.,0.2441933900,82753.,0.4133782387
82763.,0.,82763.,0.,82763.,0.,82763.,-0.1441294402,82763.,0.2476036251,82763.,0.4070488513
82773.,0.,82773.,0.,82773.,0.,82773.,-0.1439346224,82773.,0.2482771277,82773.,0.4005874991
82783.,0.,82783.,0.,82783.,0.,82783.,-0.1548107117,82783.,0.2375571728,82783.,0.3940182924
82793.,0.,82793.,0.,82793.,0.,82793.,-0.1547734141,82793.,0.2379925996,82793.,0.3873259425
82803.,0.,82803.,0.,82803.,0.,82803.,-0.1561798453,82803.,0.22150971,82803.,0.3815041780
82813.,0.,82813.,0.,82813.,0.,82813.,-0.1580794603,82813.,0.2276455164,82813.,0.3746623695
82823.,0.,82823.,0.,82823.,0.,82823.,-0.1563795209,82823.,0.2293559462,82823.,0.367731303
82833.,0.,82833.,0.,82833.,0.,82833.,-0.1658444852,82833.,0.2269542515,82833.,0.3600225151
82843.,0.,82843.,0.,82843.,0.,82843.,-0.1609953791,82843.,0.2214901894,82843.,0.3514255583
82853.,0.,82853.,0.,82853.,0.,82853.,-0.1632881016,82853.,0.2157025635,82853.,0.3442043364
82863.,0.,82863.,0.,82863.,0.,82863.,-0.1678894013,82863.,0.2234631032,82863.,0.3369534612
82873.,0.,82873.,0.,82873.,0.,82873.,-0.1703425199,82873.,0.2274026722,82873.,0.3296627402
82883.,0.,82883.,0.,82883.,0.,82883.,-0.1659922153,82883.,0.2203325182,82883.,0.3223424852
82893.,0.,82893.,0.,82893.,0.,82893.,-0.1526574194,82893.,0.2470579147,82893.,0.3141210973
82903.,0.,82903.,0.,82903.,0.,82903.,-0.1544449627,82903.,0.2487856001,82903.,0.3067633212
82913.,0.,82913.,0.,82913.,0.,82913.,-0.1573289633,82913.,0.2504673004,82913.,0.2994199097
82923.,0.,82923.,0.,82923.,0.,82923.,-0.1592705101,82923.,0.2356739938,82923.,0.2921103835
82933.,0.,82933.,0.,82933.,0.,82933.,-0.1610860676,82933.,0.2515417635,82933.,0.2857094407
82943.,0.,82943.,0.,82943.,0.,82943.,-0.1616040617,82943.,0.2411686033,82943.,0.2785440683
82953.,0.,82953.,0.,82953.,0.,82953.,-0.1630145162,82953.,0.2507343888,82953.,0.2714372873
82963.,0.,82963.,0.,82963.,0.,82963.,-0.1641198248,82963.,0.2479181737,82963.,0.2643953562
82973.,0.,82973.,0.,82973.,0.,82973.,-0.1734947264,82973.,0.2475132644,82973.,0.2572578192
82983.,0.,82983.,0.,82983.,0.,82983.,-0.1603298634,82983.,0.247389406,82983.,0.2503496110
82993.,0.,82993.,0.,82993.,0.,82993.,-0.1574759483,82993.,0.2429747432,82993.,0.2435068935
83003.,0.,83003.,0.,83003.,0.,83003.,-0.1573151499,83003.,0.2400445342,83003.,0.2367502451
83013.,0.,83013.,0.,83013.,0.,83013.,-0.1564485431,83013.,0.2391856313,83013.,0.2300883234
83023.,0.,83023.,0.,83023.,0.,83023.,-0.2006989866,83023.,0.2388196588,83023.,0.2223273218
83033.,0.,83033.,0.,83033.,0.,83033.,-0.1996678859,83033.,0.2378087193,83033.,0.2158176899
83043.,0.,83043.,0.,83043.,0.,83043.,-0.1977058649,83043.,0.2337284386,83043.,0.2094127834
83053.,0.,83053.,0.,83053.,0.,83053.,-0.1972164661,83053.,0.2340853959,83053.,0.2031181008
83063.,0.,83063.,0.,83063.,0.,83063.,-0.1960037202,83063.,0.2380057424,83063.,0.1953689456
83073.,0.,83073.,0.,83073.,0.,83073.,-0.1880857497,83073.,0.2383098602,83073.,0.1892485917
83083.,0.,83083.,0.,83083.,0.,83083.,-0.1882699877,83083.,0.2399634123,83083.,0.1832340658
83093.,0.,83093.,0.,83093.,0.,83093.,-0.1818729937,83093.,0.2446164191,83093.,0.1773650795
83103.,0.,83103.,0.,83103.,0.,83103.,-0.1804102063,83103.,0.2440324426,83103.,0.1716115475
83113.,0.,83113.,0.,83113.,0.,83113.,-0.1787364334,83113.,0.2435898483,83113.,0.1645301431
83123.,0.,83123.,0.,83123.,0.,83123.,-0.1686368287,83123.,0.2344923466,83123.,0.1589391381
83133.,0.,83133.,0.,83133.,0.,83133.,-0.1683925092,83133.,0.2328532636,83133.,0.1534750164
83143.,0.,83143.,0.,83143.,0.,83143.,-0.1692579985,83143.,0.2302777618,83143.,0.1479827017
83153.,0.,83153.,0.,83153.,0.,83153.,-0.1703229249,83153.,0.2295386195,83153.,0.1433883458
83163.,0.,83163.,0.,83163.,0.,83163.,-0.1756784618,83163.,0.2296506017,83163.,0.1374975294
83173.,0.,83173.,0.,83173.,0.,83173.,-0.1696163118,83173.,0.2353629023,83173.,0.1311758161
83183.,0.,83183.,0.,83183.,0.,83183.,-0.1693262011,83183.,0.2350832671,83183.,0.1243551672
83193.,0.,83193.,0.,83193.,0.,83193.,-0.186815545,83193.,0.2381401807,83193.,0.1175792292
83203.,0.,83203.,0.,83203.,0.,83203.,-0.1862014681,83203.,0.2355629504,83203.,0.1096384823
83213.,0.,83213.,0.,83213.,0.,83213.,-0.1857608259,83213.,0.2416913509,83213.,0.1011769325
83223.,0.,83223.,0.,83223.,0.,83223.,-0.1912040263,83223.,0.2348723561,83223.,0.0918313414
83233.,0.,83233.,0.,83233.,0.,83233.,-0.1816943735,83233.,0.2246329635,83233.,0.081693776
83243.,0.,83243.,0.,83243.,0.,83243.,-0.1856210828,83243.,0.2268805951,83243.,0.0713092834
83253.,0.,83253.,0.,83253.,0.,83253.,-0.1912312359,83253.,0.2321425527,83253.,0.0602212101
83263.,0.,83263.,0.,83263.,0.,83263.,-0.1936933100,83263.,0.2289577723,83263.,0.0477430224
83273.,0.,83273.,0.,83273.,0.,83273.,-0.2030130476,83273.,0.2312095016,83273.,0.0343675129
83283.,0.,83283.,0.,83283.,0.,83283.,-0.2103730440,83283.,0.2335367054,83283.,0.0189088341
83293.,0.,83293.,0.,83293.,0.,83293.,-0.2117023319,83293.,0.2332032621,83293.,0.0059024701
83303.,0.,83303.,0.,83303.,0.,83303.,-0.2138471901,83303.,0.2180861831,83303.,-0.0009424821
83313.,0.,83313.,0.,83313.,0.,83313.,-0.2156813145,83313.,0.2082059234,83313.,-0.0089636575
83323.,0.,83323.,0.,83323.,0.,83323.,-0.2160631120,83323.,0.2003861219,83323.,-0.0252239089
83333.,0.,83333.,0.,83333.,0.,83333.,-0.2188042700,83333.,0.1916528940,83333.,-0.0255230051
83343.,0.,83343.,0.,83343.,0.,83343.,-0.2194249928,83343.,0.1888835728,83343.,-0.0409560129
83353.,0.,83353.,0.,83353.,0.,83353.,-0.2203504741,83353.,0.1875446737,83353.,-0.0591166057
83363.,0.,83363.,0.,83363.,0.,83363.,-0.2205576301,83363.,0.1875290722,83363.,-0.0801411420
83373.,0.,83373.,0.,83373.,0.,83373.,-0.2397655696,83373.,0.1239054427,83373.,-0.0002975341
83383.,0.,83383.,0.,83383.,0.,83383.,-0.2418666482,83383.,0.1160251573,83383.,-0.0080874003
83393.,0.,83393.,0.,83393.,0.,83393.,-0.2443267703,83393.,0.1072288975,83393.,-0.0154666584
83403.,0.,83403.,0.,83403.,0.,83403.,-0.2456842959,83403.,0.0984354094,83403.,-0.0241895877
83413.,0.,83413.,0.,83413.,0.,83413.,-0.2920436859,83413.,-0.0330779403,83413.,0.0677026361
83423.,0.,83423.,0.,83423.,0.,83423.,-0.2946028411,83423.,-0.0432606041,83423.,0.062591739
83433.,0.,83433.,0.,83433.,0.,83433.,-0.2985276878,83433.,-0.0533604547,83433.,0.0565741062
83443.,0.,83443.,0.,83443.,0.,83443.,-0.3013126254,83443.,-0.0635807291,83443.,0.0495641381
83453.,0.,83453.,0.,83453.,0.,83453.,-0.3057737648,83453.,-0.0735803545,83453.,0.0416647978
83463.,0.,83463.,0.,83463.,0.,83463.,-0.3276757598,83463.,-0.1378419995,83463.,0.0785894841
83473.,0.,83473.,0.,83473.,0.,83473.,-0.3323115110,83473.,-0.1477986872,83473.,0.0703430027
83483.,0.,83483.,0.,83483.,0.,83483.,-0.3337211311,83483.,-0.1584573388,83483.,0.0617839172
83493.,0.,83493.,0.,83493.,0.,83493.,-0.3352098763,83493.,-0.1694556922,83493.,0.0533468537
83503.,0.,83503.,0.,83503.,0.,83503.,-0.3439054489,83503.,-0.2061692327,83503.,0.0630151778
83513.,0.,83513.,0.,83513.,0.,83513.,-0.3488302529,83513.,-0.2171928734,83513.,0.0542393327
83523.,0.,83523.,0.,83523.,0.,83523.,-0.3518622518,83523.,-0.2280595899,83523.,0.0426078066
83533.,0.,83533.,0.,83533.,0.,83533.,-0.3590385914,83533.,-0.2437849939,83533.,0.0359257385
83543.,0.,83543.,0.,83543.,0.,83543.,-0.3936607838,83543.,-0.2590351701,83543.,0.0285294298
83553.,0.,83553.,0.,83553.,0.,83553.,-0.3985592425,83553.,-0.2794919908,83553.,0.0235342011
83563.,0.,83563.,0.,83563.,0.,83563.,-0.4191874266,83563.,-0.3189598918,83563.,0.0268440638
83573.,0.,83573.,0.,83573.,0.,83573.,-0.4274778962,83573.,-0.3593216240,83573.,0.0318508334
83583.,0.,83583.,0.,83583.,0.,83583.,-0.4965869486,83583.,-0.3919096291,83583.,0.0167512316
83593.,0.,83593.,0.,83593.,0.,83593.,-0.4769435525,83593.,-0.4113857746,83593.,-0.0075115701
83603.,0.,83603.,0.,83603.,0.,83603.,-0.4987466037,83603.,-0.4054867327,83603.,-0.0166316517
83613.,0.,83613.,0.,83613.,0.,83613.,-0.4782030880,83613.,-0.3976930976,83613.,-0.0077662729
83623.,0.,83623.,0.,83623.,0.,83623.,-0.4322018027,83623.,-0.3985131681,83623.,-0.0043844408
83633.,0.,83633.,0.,83633.,0.,83633.,-0.4010322392,83633.,-0.3981456459,83633.,-0.0042293989
83643.,0.,83643.,0.,83643.,0.,83643.,-0.3555724323,83643.,-0.3960631192,83643.,-0.0075789839
83653.,0.,83653.,0.,83653.,0.,83653.,-0.3161460757,83653.,-0.3957138062,83653.,-0.0154151553
83663.,0.,83663.,0.,83663.,0.,83663.,-0.3234550953,83663.,-0.4017082453,83663.,-0.0200612545
83673.,0.,83673.,0.,83673.,0.,83673.,-0.3300782740,83673.,-0.4080181122,83673.,-0.0245661847
83683.,0.,83683.,0.,83683.,0.,83683.,-0.3347927332,83683.,-0.4180865288,83683.,-0.0172924716
83693.,0.,83693.,0.,83693.,0.,83693.,-0.3377356827,83693.,-0.4272481799,83693.,-0.0209676512
83703.,0.,83703.,0.,83703.,0.,83703.,-0.3362063468,83703.,-0.4338240027,83703.,-0.0266014598
83713.,0.,83713.,0.,83713.,0.,83713.,-0.3405830860,83713.,-0.4406642318,83713.,-0.0327064618
83723.,0.,83723.,0.,83723.,0.,83723.,-0.3315837681,83723.,-0.4532961547,83723.,-0.0200995412
83733.,0.,83733.,0.,83733.,0.,83733.,-0.3346839249,83733.,-0.4648119509,83733.,-0.0256788787
83743.,0.,83743.,0.,83743.,0.,83743.,-0.3365369439,83743.,-0.4801394641,83743.,-0.0331412107
83753.,0.,83753.,0.,83753.,0.,83753.,-0.3351722956,83753.,-0.4938554764,83753.,-0.0438389033
83763.,0.,83763.,0.,83763.,0.,83763.,-0.3386390209,83763.,-0.5091754794,83763.,-0.0381239280
83773.,0.,83773.,0.,83773.,0.,83773.,-0.3194831908,83773.,-0.5171698332,83773.,-0.0446740985
83783.,0.,83783.,0.,83783.,0.,83783.,-0.3113929033,83783.,-0.5174350142,83783.,-0.0472278967
83793.,0.,83793.,0.,83793.,0.,83793.,-0.2916397750,83793.,-0.5156345963,83793.,-0.0476351194
83803.,0.,83803.,0.,83803.,0.,83803.,-0.2890321016,83803.,-0.5165749788,83803.,-0.0523125604
83813.,0.,83813.,0.,83813.,0.,83813.,-0.2903670073,83813.,-0.5218858719,83813.,-0.0406094268
83823.,0.,83823.,0.,83823.,0.,83823.,-0.2848443985,83823.,-0.5154994726,83823.,-0.0418423861
83833.,0.,83833.,0.,83833.,0.,83833.,-0.2742569745,83833.,-0.5120523572,83833.,-0.0438675992
83843.,0.,83843.,0.,83843.,0.,83843.,-0.2721694708,83843.,-0.5135246515,83843.,-0.0482814163
83853.,0.,83853.,0.,83853.,0.,83853.,-0.2686676383,83853.,-0.5094697475,83853.,-0.0248157457
83863.,0.,83863.,0.,83863.,0.,83863.,-0.2589271367,83863.,-0.5003446937,83863.,-0.0237250663
83873.,0.,83873.,0.,83873.,0.,83873.,-0.2474036515,83873.,-0.5008412004,83873.,-0.0249940194
83883.,0.,83883.,0.,83883.,0.,83883.,-0.2401245534,83883.,-0.4975648224,83883.,-0.0255231317
83893.,0.,83893.,0.,83893.,0.,83893.,-0.2364106923,83893.,-0.4979250729,83893.,-0.0273607746
83903.,0.,83903.,0.,83903.,0.,83903.,-0.2349916995,83903.,-0.4990317225,83903.,-0.0129644405
83913.,0.,83913.,0.,83913.,0.,83913.,-0.2305829823,83913.,-0.4993143976,83913.,-0.0139787244
83923.,0.,83923.,0.,83923.,0.,83923.,-0.2259652019,83923.,-0.4995239377,83923.,-0.0150171062
83933.,0.,83933.,0.,83933.,0.,83933.,-0.2211388648,83933.,-0.4996605515,83933.,-0.0160821099
83943.,0.,83943.,0.,83943.,0.,83943.,-0.2160016894,83943.,-0.497964114,83943.,-0.0051748478
83953.,0.,83953.,0.,83953.,0.,83953.,-0.2105833441,83953.,-0.4979811907,83953.,-0.0056308932
83963.,0.,83963.,0.,83963.,0.,83963.,-0.2049553990,83963.,-0.4979262352,83963.,-0.0061118496
83973.,0.,83973.,0.,83973.,0.,83973.,-0.1991173923,83973.,-0.4977990389,83973.,-0.0066156043
83983.,0.,83983.,0.,83983.,0.,83983.,-0.191877082,83983.,-0.4949833751,83983.,0.0028141881
83993.,0.,83993.,0.,83993.,0.,83993.,-0.1855027229,83993.,-0.4947204292,83993.,0.0028118298
84003.,0.,84003.,0.,84003.,0.,84003.,-0.1789187342,84003.,-0.4943861961,84003.,0.0027854007
84013.,0.,84013.,0.,84013.,0.,84013.,-0.1721254587,84013.,-0.4939807653,84013.,0.0027332844
84023.,0.,84023.,0.,84023.,0.,84023.,-0.1651226282,84023.,-0.4935040176,84023.,0.0026567858
84033.,0.,84033.,0.,84033.,0.,84033.,-0.1566940248,84033.,-0.4908772111,84033.,0.0088065369
84043.,0.,84043.,0.,84043.,0.,84043.,-0.1492203325,84043.,-0.4902580678,84043.,0.0090085911
84053.,0.,84053.,0.,84053.,0.,84053.,-0.1415376514,84053.,-0.4895682335,84053.,0.0091857817
84063.,0.,84063.,0.,84063.,0.,84063.,-0.1336456388,84063.,-0.4888076186,84063.,0.0093396325
84073.,0.,84073.,0.,84073.,0.,84073.,-0.1245628223,84073.,-0.4863037169,84073.,0.0135234511
84083.,0.,84083.,0.,84083.,0.,84083.,-0.1162300855,84083.,-0.48539868,84083.,0.0138508249
84093.,0.,84093.,0.,84093.,0.,84093.,-0.1076886803,84093.,-0.4844232798,84093.,0.0141541325
84103.,0.,84103.,0.,84103.,0.,84103.,-0.0989384651,84103.,-0.4833774567,84103.,0.0144340768
84113.,0.,84113.,0.,84113.,0.,84113.,-0.0893043801,84113.,-0.4810809493,84113.,0.0174031667
84123.,0.,84123.,0.,84123.,0.,84123.,-0.0801279396,84123.,-0.4798918366,84123.,0.0177824609
84133.,0.,84133.,0.,84133.,0.,84133.,-0.0707431585,84133.,-0.4786325991,84133.,0.0181381814
84143.,0.,84143.,0.,84143.,0.,84143.,-0.0611496307,84143.,-0.4773031473,84143.,0.0184721723
84183.,0.,84183.,0.,84183.,0.,84183.,-0.0205901433,84183.,-0.4710987806,84183.,0.0200645439
84223.,0.,84223.,0.,84223.,0.,84223.,0.0230798945,84223.,-0.4642257392,84223.,0.0201996695
84283.,0.,84283.,0.,84283.,0.,84283.,0.0949385762,84283.,-0.4516401589,84283.,0.0198458247
84293.,0.,84293.,0.,84293.,0.,84293.,0.1076658592,84293.,-0.4492413998,84293.,0.0198351592
84303.,0.,84303.,0.,84303.,0.,84303.,0.1205953583,84303.,-0.4467906058,84303.,0.0197520889
84313.,0.,84313.,0.,84313.,0.,84313.,0.1337329149,84313.,-0.4442696571,84313.,0.0196434464
84323.,0.,84323.,0.,84323.,0.,84323.,0.1470786631,84323.,-0.4416784644,84323.,0.0195099413
84333.,0.,84333.,0.,84333.,0.,84333.,0.1606203318,84333.,-0.4390723705,84333.,0.0191850550
84343.,0.,84343.,0.,84343.,0.,84343.,0.1743833423,84343.,-0.4363400042,84343.,0.0189955309
84353.,0.,84353.,0.,84353.,0.,84353.,0.1883548349,84353.,-0.4335373640,84353.,0.0187825412
84363.,0.,84363.,0.,84363.,0.,84363.,0.2025349289,84363.,-0.4306644201,84363.,0.0185466949
